artist	name	KEY	srctype	SRCURL
RONS	Podcast #405	/djronspodcast/rons-podcast-405/		http://djronslomowicz.podomatic.com/enclosure/2016-09-22T10_00_00-07_00.mp3
RONS	Podcast #405	/therealrons/rons-podcast-405/		http://djronslomowicz.podomatic.com/enclosure/2016-09-22T10_00_00-07_00.mp3
RONS	Podcast #406	/djronspodcast/rons-podcast-406/		http://djronslomowicz.podomatic.com/enclosure/2016-09-23T15_00_00-07_00.mp3
RONS	Podcast #406	/therealrons/rons-podcast-406/		http://djronslomowicz.podomatic.com/enclosure/2016-09-23T15_00_00-07_00.mp3
RONS	Podcast #426	/djronspodcast/rons-podcast-426/		http://djronslomowicz.podomatic.com/enclosure/2017-01-31T09_54_28-08_00.mp3
RONS	Podcast #426	/therealrons/rons-podcast-426/		http://djronslomowicz.podomatic.com/enclosure/2017-01-31T09_54_28-08_00.mp3
RONS	Podcast #429	/djronspodcast/rons-podcast-429/		http://djronslomowicz.podomatic.com/enclosure/2017-03-02T00_20_19-08_00.mp3
RONS	Podcast #429	/therealrons/rons-podcast-429/		http://djronslomowicz.podomatic.com/enclosure/2017-03-02T00_20_19-08_00.mp3
RONS	Podcast #431	/djronspodcast/rons-podcast-431/		http://djronslomowicz.podomatic.com/enclosure/2017-03-15T12_41_59-07_00.mp3
RONS	Podcast #431	/therealrons/rons-podcast-431/		http://djronslomowicz.podomatic.com/enclosure/2017-03-15T12_41_59-07_00.mp3
RONS	Podcast #432	/djronspodcast/rons-podcast-432/		http://djronslomowicz.podomatic.com/enclosure/2017-03-30T16_00_00-07_00.mp3
RONS	Podcast #432	/therealrons/rons-podcast-432/		http://djronslomowicz.podomatic.com/enclosure/2017-03-30T16_00_00-07_00.mp3
RONS	Podcast #434	/djronspodcast/rons-podcast-434/		http://djronslomowicz.podomatic.com/enclosure/2017-04-12T22_00_00-07_00.mp3
RONS	Podcast #434	/therealrons/rons-podcast-434/		http://djronslomowicz.podomatic.com/enclosure/2017-04-12T22_00_00-07_00.mp3
RONS	Podcast #435	/djronspodcast/rons-podcast-435/		http://djronslomowicz.podomatic.com/enclosure/2017-04-29T19_58_10-07_00.mp3
RONS	Podcast #436	/djronspodcast/rons-podcast-436/		http://djronslomowicz.podomatic.com/enclosure/2017-04-29T20_11_42-07_00.mp3
RONS	Podcast #436	/therealrons/rons-podcast-436/		http://djronslomowicz.podomatic.com/enclosure/2017-04-29T20_11_42-07_00.mp3
RONS	Podcast #526	/djronspodcast/rons-podcast-526/		https://djronslomowicz.podomatic.com/enclosure/2019-03-18T21_58_11-07_00.mp3
RONS	Podcast #526	/therealrons/rons-podcast-526/		https://djronslomowicz.podomatic.com/enclosure/2019-03-18T21_58_11-07_00.mp3
RONS	Podcast #559	/djronspodcast/rons-podcast-559/		https://djronslomowicz.podomatic.com/enclosure/2019-12-12T10_00_00-08_00.mp3
RONS	Podcast #559	/therealrons/rons-podcast-559/		https://djronslomowicz.podomatic.com/enclosure/2019-12-12T10_00_00-08_00.mp3
RONS	Podcast #563	/djronspodcast/rons-podcast-563/		https://djronslomowicz.podomatic.com/enclosure/2019-12-26T10_00_00-08_00.mp3
RONS	Podcast #563	/therealrons/rons-podcast-563/		https://djronslomowicz.podomatic.com/enclosure/2019-12-26T10_00_00-08_00.mp3
RONS	Podcast #570	/djronspodcast/rons-podcast-570/		https://djronslomowicz.podomatic.com/enclosure/2020-02-18T18_00_00-08_00.mp3
RONS	Podcast #570	/therealrons/rons-podcast-570/		https://djronslomowicz.podomatic.com/enclosure/2020-02-18T18_00_00-08_00.mp3
RONS	Podcast #585	/djronspodcast/rons-podcast-585/		https://djronslomowicz.podomatic.com/enclosure/2020-05-27T20_33_47-07_00.mp3
RONS	Podcast #585	/therealrons/rons-podcast-585/		https://djronslomowicz.podomatic.com/enclosure/2020-05-27T20_33_47-07_00.mp3
RONS	Podcast #586	/djronspodcast/rons-podcast-586/		https://djronslomowicz.podomatic.com/enclosure/2020-06-08T00_14_59-07_00.mp3
RONS	Podcast #586	/therealrons/rons-podcast-586/		https://djronslomowicz.podomatic.com/enclosure/2020-06-08T00_14_59-07_00.mp3
RONS	Podcast #589	/djronspodcast/rons-podcast-589/		https://djronslomowicz.podomatic.com/enclosure/2020-06-23T14_52_06-07_00.mp3
RONS	Podcast #393	/therealrons/rons-podcast-393/	mixcloud	https://stream\t#\t.mixcloud.com/secure/c/m4a/64/0/0/2/f/02cb-f3d3-45d9-bb90-40edadda6f18.m4a?sig=1ja6Krk_VqkUxUJWhoNVoA
RONS	Podcast #479	/therealrons/rons-podcast-479/	mixcloud	https://stream\t#\t.mixcloud.com/secure/c/m4a/64/0/0/c/a/eb2d-65bf-447b-a934-7d31dbf668a5.m4a?sig=rHyw5FDV4dT2gmQUY6FBCw
RONS	Podcast #438	/therealrons/rons-podcast-438/	mixcloud	https://stream\t#\t.mixcloud.com/secure/c/m4a/64/0/1/b/1/20cf-d7d2-4d84-bc35-cdaa511c029e.m4a?sig=xjMy4cDmj9sLkqFRGAMi4A
Liquid DnB Mix	Vol 69 - I Adore You	/Dj-Mighty-DnB/liquid-dnb-mix-vol-69-i-adore-you/	mixcloud	https://stream\t#\t.mixcloud.com/secure/c/m4a/64/0/2/2/2/70ee-6b7e-40c0-8e45-0eebfabfcbab.m4a?sig=ZBezoSd_eDk-fvEQiKnn9g
RONS	Podcast #619	/therealrons/rons-podcast-619/	mixcloud	https://stream\t#\t.mixcloud.com/secure/c/m4a/64/0/2/3/9/4896-95b7-42d2-8d22-bab305b91905.m4a?sig=fFBA5EIQpLnRvPBov97QMQ
RONS	Podcast #391	/therealrons/rons-podcast-391/	mixcloud	https://stream\t#\t.mixcloud.com/secure/c/m4a/64/0/2/4/7/63f0-37af-4402-a622-7844e4bcb23e.m4a?sig=0nY1HkIzfafB3jn0jLkEeA
Frankie 3000	Dance Vibes 2021 - Feb 2021	/FrankAndreasen/dance-vibes-2021-feb-2021/	mixcloud	https://stream\t#\t.mixcloud.com/secure/c/m4a/64/0/5/2/6/0034-05fc-4520-b6b2-2d7a0169c954.m4a?sig=U7No6RmLDSRKdgpxIWEIhw
RONS	Podcast #545	/therealrons/rons-podcast-545/	mixcloud	https://stream\t#\t.mixcloud.com/secure/c/m4a/64/0/5/3/4/a836-e5eb-40e5-95ce-fd3a15748680.m4a?sig=ZJ3YRBa2FrBMRPaWbQ3nMw
RONS	Podcast #696	/therealrons/rons-podcast-696/	mixcloud	https://stream\t#\t.mixcloud.com/secure/c/m4a/64/0/6/6/7/0bdc-7829-4f9b-a82e-c1da707d78a6.m4a?sig=4oc66jSqhqAhyDZVRh6qxQ
RONS	Podcast #641	/therealrons/rons-podcast-641/	mixcloud	https://stream\t#\t.mixcloud.com/secure/c/m4a/64/0/7/3/6/abe4-632d-4e04-8512-b2ae27aff060.m4a?sig=QWdICiKqMOWs-OI9VSbrqg
RONS	Podcast #626	/therealrons/rons-podcast-626/	mixcloud	https://stream\t#\t.mixcloud.com/secure/c/m4a/64/0/8/1/f/e98c-055e-4b8b-8635-8c2762f61208.m4a?sig=wT9aXNfaV2uJJd1RWnSOSg
RONS	Podcast #464	/therealrons/rons-podcast-464/	mixcloud	https://stream\t#\t.mixcloud.com/secure/c/m4a/64/0/8/a/1/d590-4e9d-4649-b9a0-965b558d34c7.m4a?sig=gFW2-lKy8HtSajtX5XKkKg
RONS	Podcast #373	/therealrons/rons-podcast-373/	mixcloud	https://stream\t#\t.mixcloud.com/secure/c/m4a/64/0/8/f/3/f1ae-2721-4ee8-ad90-08a5620049b1.m4a?sig=ZRTGrIcWpigzZfIkdrxCaA
RONS	Podcast #578	/therealrons/rons-podcast-578/	mixcloud	https://stream\t#\t.mixcloud.com/secure/c/m4a/64/0/9/4/b/63b1-427d-4b43-bc49-8fb888c35cd9.m4a?sig=CnqjTDuURnvbBUzkR5mE5Q
RONS	Podcast #679	/therealrons/rons-podcast-679/	mixcloud	https://stream\t#\t.mixcloud.com/secure/c/m4a/64/0/9/7/e/cb4f-52ae-4243-9e1c-405704696d2a.m4a?sig=7E46tnwSecF87MzA-9qFXA
RONS	Podcast #615	/therealrons/rons-podcast-615/	mixcloud	https://stream\t#\t.mixcloud.com/secure/c/m4a/64/0/9/c/9/6a0d-1f9f-4781-822f-9e6f13c86212.m4a?sig=F0e2XkFze9f_N4f6c27RtQ
RONS	Podcast #450	/therealrons/rons-podcast-450/	mixcloud	https://stream\t#\t.mixcloud.com/secure/c/m4a/64/0/9/e/2/f4e5-cc49-410e-a669-253018e1b45f.m4a?sig=lULJRo2xcVZnS3BMY-ALww
RONS	Podcast #466	/therealrons/rons-podcast-466/	mixcloud	https://stream\t#\t.mixcloud.com/secure/c/m4a/64/0/a/0/f/fc6e-586a-43b9-b448-27f64fc33db0.m4a?sig=W5rWhIqx9x1_OHJaLB1g-w
RONS	Podcast #372	/therealrons/rons-podcast-372/	mixcloud	https://stream\t#\t.mixcloud.com/secure/c/m4a/64/0/a/b/4/4de4-51df-4147-8ea2-e8f287e81654.m4a?sig=1tEKnkcZmJdfeQBz3IpotQ
RONS	Podcast #519	/therealrons/rons-podcast-519/	mixcloud	https://stream\t#\t.mixcloud.com/secure/c/m4a/64/0/b/9/9/e94e-2609-4272-a2b6-b78a7aa445c7.m4a?sig=Bj_yKxOiXcuKwdAxq1SVyw
RONS	Podcast #415	/therealrons/rons-podcast-415/	mixcloud	https://stream\t#\t.mixcloud.com/secure/c/m4a/64/0/b/b/4/4594-ae5e-4268-878e-c5eb950517a4.m4a?sig=5a2b3tcHw11lXhct3HH6tA
RONS	Podcast #672	/therealrons/rons-podcast-672/	mixcloud	https://stream\t#\t.mixcloud.com/secure/c/m4a/64/0/c/6/6/26bd-aece-4adb-b4f6-3e345c18da4b.m4a?sig=WOcLvei6dRfZwGLpgWvwTg
RONS	Podcast #383	/therealrons/rons-podcast-383/	mixcloud	https://stream\t#\t.mixcloud.com/secure/c/m4a/64/0/c/7/1/dd46-bef5-4fc9-9429-4b25ba3fa0c9.m4a?sig=TaGMTDG8kB1uQthiq7tPHA
RONS	Podcast #483	/therealrons/rons-podcast-483/	mixcloud	https://stream\t#\t.mixcloud.com/secure/c/m4a/64/0/d/5/4/fd20-dd5c-4d6e-b806-1dc45aae247b.m4a?sig=k6z-Pz_8Gsw_9wyrTLCAnQ
RONS	Podcast #663	/therealrons/rons-podcast-663/	mixcloud	https://stream\t#\t.mixcloud.com/secure/c/m4a/64/0/f/2/3/a7f2-68bf-4fac-9136-58eee81a7429.m4a?sig=cqPdJ_vt1e5mLD4bQeRFow
RONS	Podcast #673	/therealrons/rons-podcast-673/	mixcloud	https://stream\t#\t.mixcloud.com/secure/c/m4a/64/1/0/4/8/6a59-4030-425f-8895-5cc054d3e7df.m4a?sig=112p0CW2M7PvghO8Fq9lkw
RONS	Podcast #421	/therealrons/rons-podcast-421/	mixcloud	https://stream\t#\t.mixcloud.com/secure/c/m4a/64/1/0/a/f/f14b-dc81-4584-91c4-71904b8eff12.m4a?sig=cZRrjVxG_zuYHeMsbkQdFg
RONS	Podcast #693	/therealrons/rons-podcast-693/	mixcloud	https://stream\t#\t.mixcloud.com/secure/c/m4a/64/1/1/6/c/0c64-03a6-4195-a3a8-cafa1467b02d.m4a?sig=c8XCQaOssrDifjxleSOhZw
RONS	Podcast #562	/therealrons/rons-podcast-562/	mixcloud	https://stream\t#\t.mixcloud.com/secure/c/m4a/64/1/1/d/c/8cd2-4bd9-4ba2-a12f-fb3494a13d0f.m4a?sig=JzODWZ2vhnVshV536ufJ9g
RONS	Podcast #365	/therealrons/rons-podcast-365/	mixcloud	https://stream\t#\t.mixcloud.com/secure/c/m4a/64/1/1/f/d/c07a-9f38-4c8b-9d97-f1fa05b5f94c.m4a?sig=vqjcdcEDWylYblBbDTvHDg
RONS	Podcast #495	/therealrons/rons-podcast-495/	mixcloud	https://stream\t#\t.mixcloud.com/secure/c/m4a/64/1/2/3/0/1a0d-19a4-492d-8c39-6f779d29b969.m4a?sig=n_nfITpXxIiheC0rxRcIWQ
Frankie 3000	Purple Disco Machine - the best remixes from Purple Disco Machine	/FrankAndreasen/purple-disco-machine-the-best-remixes-from-purple-disco-machine/	mixcloud	https://stream\t#\t.mixcloud.com/secure/c/m4a/64/1/2/4/c/da47-767d-4723-8c60-37c127cc31fb.m4a?sig=BN79176rBNk92QiV06_gDw
RONS	Podcast #565 - The Otto Benson Mixshow	/therealrons/rons-podcast-565-the-otto-benson-mixshow/	mixcloud	https://stream\t#\t.mixcloud.com/secure/c/m4a/64/1/3/2/c/ca0c-949d-452a-85b3-824469827860.m4a?sig=JJH9_aoWpJd_oyzd_gv1fA
RONS	Podcast #546	/therealrons/rons-podcast-546/	mixcloud	https://stream\t#\t.mixcloud.com/secure/c/m4a/64/1/3/e/e/f526-b8ff-4c6c-9416-d0972d021ef5.m4a?sig=eDqewf-RCWLKDW1VGfvhYg
Liquid DnB Mix	Vol 66 - Counting Down The Days	/Dj-Mighty-DnB/liquid-dnb-mix-vol-66-counting-down-the-days/	mixcloud	https://stream\t#\t.mixcloud.com/secure/c/m4a/64/1/4/a/5/8251-c18b-425a-bf2f-8b569d3ea24a.m4a?sig=dQfET-FK8GbvSUmGit-BiQ
RONS	Podcast #569	/therealrons/rons-podcast-569/	mixcloud	https://stream\t#\t.mixcloud.com/secure/c/m4a/64/1/5/a/5/2841-0c72-4377-9b95-6ac10b0a8604.m4a?sig=z-gHvOV0fXkZWET0olbLbA
RONS	Podcast #598	/therealrons/rons-podcast-598/	mixcloud	https://stream\t#\t.mixcloud.com/secure/c/m4a/64/1/5/d/a/5dc7-1b44-47b9-9165-abfe1d41fe32.m4a?sig=FSnk_nIyriFHcc1BlrKE5w
RONS	Podcast #593	/therealrons/rons-podcast-593/	mixcloud	https://stream\t#\t.mixcloud.com/secure/c/m4a/64/1/6/3/e/8c2a-d683-48fd-a89b-d050aaa920b2.m4a?sig=OEx6EGTKquDhPCVVXONCmQ
RONS	Podcast #640	/therealrons/rons-podcast-640/	mixcloud	https://stream\t#\t.mixcloud.com/secure/c/m4a/64/1/7/6/6/8330-7d1b-4734-bb49-7bc9000b20b9.m4a?sig=sJUpRv7ylFQB9qSCLN6ZJg
RONS	Podcast #518	/therealrons/rons-podcast-518/	mixcloud	https://stream\t#\t.mixcloud.com/secure/c/m4a/64/1/8/2/1/bfdc-cbd7-4620-ae6f-e55132a33811.m4a?sig=pnN6IuCWeDQqaK808U-VVw
RONS	Podcast #459	/therealrons/rons-podcast-459/	mixcloud	https://stream\t#\t.mixcloud.com/secure/c/m4a/64/1/8/7/9/7146-6304-4c60-aca0-32f7068dfa0f.m4a?sig=o_uyC8tcqnWXaBj4USYVQg
Frankie 3000	The Best Of 2018 (The Club Vibes)	/FrankAndreasen/the-best-of-2018-the-club-vibes/	mixcloud	https://stream\t#\t.mixcloud.com/secure/c/m4a/64/1/8/8/8/d83f-66d0-41b7-a449-40b8689b33a1.m4a?sig=liBxdKXS2A9c-hiDPXmUqg
RONS	Podcast #470	/therealrons/rons-podcast-470/	mixcloud	https://stream\t#\t.mixcloud.com/secure/c/m4a/64/1/9/2/9/359e-c01d-4b14-a124-b729d6f544e1.m4a?sig=u4DxuItuC47V7LpZmA4AQQ
RONS	Podcast #416	/therealrons/rons-podcast-416/	mixcloud	https://stream\t#\t.mixcloud.com/secure/c/m4a/64/1/9/6/1/453d-cd18-46ee-acba-406f523e5032.m4a?sig=EPj-1sNN8YfEbGojUCyklg
RONS	Podcast #350	/therealrons/rons-podcast-350/	mixcloud	https://stream\t#\t.mixcloud.com/secure/c/m4a/64/1/9/d/a/c092-5540-4d35-b5be-1144c1d61777.m4a?sig=vwOYqNJporfDxb6Nz9Skyg
RONS	Podcast #584B	/therealrons/rons-podcast-584b/	mixcloud	https://stream\t#\t.mixcloud.com/secure/c/m4a/64/1/a/2/6/2c34-e3c9-4bb6-bcdd-f5186358b80f.m4a?sig=88eungOw-SYsXcardzezlw
RONS	Podcast #515	/therealrons/rons-podcast-515/	mixcloud	https://stream\t#\t.mixcloud.com/secure/c/m4a/64/1/b/2/2/fb6e-6732-43db-94a3-bd2551742697.m4a?sig=VV5uFKIvMvrCcO4TLO71mQ
RONS	Podcast #532	/therealrons/rons-podcast-532/	mixcloud	https://stream\t#\t.mixcloud.com/secure/c/m4a/64/1/e/3/e/0f08-9b7f-4cca-9c44-b67d00c72a02.m4a?sig=0ilUYfClqj8uZkULjoBXgA
RONS	Podcast #442	/therealrons/rons-podcast-442/	mixcloud	https://stream\t#\t.mixcloud.com/secure/c/m4a/64/1/e/6/b/231a-1b92-4017-b691-6c5a50de765f.m4a?sig=sgly2cHf8snbLOOLjxhrKg
RONS	Podcast #674	/therealrons/rons-podcast-674/	mixcloud	https://stream\t#\t.mixcloud.com/secure/c/m4a/64/1/e/e/3/99e0-2442-4c3e-9d3b-0932c047c274.m4a?sig=UvcKmqzJeMv1kghCxHxSgg
RONS	Podcast #543	/therealrons/rons-podcast-543/	mixcloud	https://stream\t#\t.mixcloud.com/secure/c/m4a/64/1/f/7/6/f631-f5fd-4c84-b4b2-570afde2410e.m4a?sig=gaJN3WEzpO1o0jJwX6JZ4w
RONS	Podcast #358	/therealrons/rons-podcast-358/	mixcloud	https://stream\t#\t.mixcloud.com/secure/c/m4a/64/2/0/5/2/2f18-249e-49a7-8eea-04a77851bf57.m4a?sig=ijDF8yht0tLDS11rUNz9SA
robert toombs	throwback e15 - 2000s 2010s	/robert-toombs/that-throwback-show-ep-15-2000s-2010s/	mixcloud	https://stream\t#\t.mixcloud.com/secure/c/m4a/64/2/3/4/0/c2e9-bcbb-48e6-aa8a-ae75f9d22ae8.m4a?sig=QuuADv6ugtV42Zrs9ry6og
RONS	Podcast #692A	/therealrons/rons-podcast-692a/	mixcloud	https://stream\t#\t.mixcloud.com/secure/c/m4a/64/2/3/9/0/25d5-756f-4757-8d5b-60b31a4bbdd5.m4a?sig=y-6VKM-nVh3Mz_WghC85rg
RONS	Podcast #491	/therealrons/rons-podcast-491/	mixcloud	https://stream\t#\t.mixcloud.com/secure/c/m4a/64/2/3/a/c/af5a-1967-45ab-adbf-dfdd35ba9446.m4a?sig=Za4LYNgiuHt3KOHjvq7yqA
RONS	Podcast #555	/therealrons/rons-podcast-555/	mixcloud	https://stream\t#\t.mixcloud.com/secure/c/m4a/64/2/4/0/5/dd5e-73e2-4282-b09e-6db160cc4d7f.m4a?sig=YtLg2yUPR9G1s70iHi8sCg
RONS	Podcast #521	/therealrons/rons-podcast-521/	mixcloud	https://stream\t#\t.mixcloud.com/secure/c/m4a/64/2/4/7/7/84c3-cf4d-4e7d-9ff0-0d686207071e.m4a?sig=5UdgBZZxFVe8X0ksCgxXuA
RONS	Podcast #362	/therealrons/rons-podcast-362/	mixcloud	https://stream\t#\t.mixcloud.com/secure/c/m4a/64/2/4/a/b/edfd-ddec-44a6-bd99-14253b28f168.m4a?sig=xCOPPxq9-zCFgGNE4e8t5Q
RONS	Podcast #399	/therealrons/rons-podcast-399/	mixcloud	https://stream\t#\t.mixcloud.com/secure/c/m4a/64/2/5/2/6/daae-fee2-4c98-bac5-45754b7ce5d3.m4a?sig=yLdWQbaA4gJxtXy_xLWILw
RONS	Podcast #695	/therealrons/rons-podcast-695/	mixcloud	https://stream\t#\t.mixcloud.com/secure/c/m4a/64/2/5/b/4/41bf-c6c3-44e6-bb61-ff50001cfdd2.m4a?sig=C920QvM1myk6kFqIsuu-1w
RONS	Podcast #631	/therealrons/rons-podcast-631/	mixcloud	https://stream\t#\t.mixcloud.com/secure/c/m4a/64/2/5/d/e/15e4-2517-4f04-aa07-a856a47d047c.m4a?sig=d3upXInlu1Ne60fuUoI2iA
RONS	Podcast #427	/therealrons/rons-podcast-427/	mixcloud	https://stream\t#\t.mixcloud.com/secure/c/m4a/64/2/6/0/f/24d6-dd80-49ba-80c2-0947b5195b7f.m4a?sig=r-DctU0AIOZS1RcT2novZg
RONS	Podcast #413	/therealrons/rons-podcast-413/	mixcloud	https://stream\t#\t.mixcloud.com/secure/c/m4a/64/2/6/c/5/c607-95ed-4dc5-a759-c76d3c7daa6c.m4a?sig=FoeOUlvugKaIkyG1BDZiOQ
RONS	Podcast #420	/therealrons/rons-podcast-420/	mixcloud	https://stream\t#\t.mixcloud.com/secure/c/m4a/64/2/7/3/3/c31f-6b26-42c6-814d-2051f42337fc.m4a?sig=woS4_8jGlXDNMX-TmIuEnQ
Frankie 3000	Garden Party mix	/FrankAndreasen/garden-party-mix/	mixcloud	https://stream\t#\t.mixcloud.com/secure/c/m4a/64/2/8/8/8/e263-94ed-4120-a924-e823448e31e8.m4a?sig=74VPiPaurEfvcetvAOU7HA
RONS	Podcast #465	/therealrons/rons-podcast-465/	mixcloud	https://stream\t#\t.mixcloud.com/secure/c/m4a/64/2/8/d/7/2827-1be9-4035-8c62-ff17feabf7e4.m4a?sig=Kuqfy_d7kltrwEsC4sD1IA
RONS	Podcast #352	/therealrons/rons-podcast-352/	mixcloud	https://stream\t#\t.mixcloud.com/secure/c/m4a/64/2/9/4/4/e238-227b-4ab3-bcbc-55be2417cb24.m4a?sig=m4v2Dt0HzhtE3hhnrOhK4w
RONS	Podcast #561	/therealrons/rons-podcast-561/	mixcloud	https://stream\t#\t.mixcloud.com/secure/c/m4a/64/2/b/8/9/e256-7c18-4457-8d1c-c8948e680407.m4a?sig=8_fcNrSak30PM_rZLy6BYQ
RONS	Podcast #502	/therealrons/rons-podcast-502/	mixcloud	https://stream\t#\t.mixcloud.com/secure/c/m4a/64/2/b/e/3/301a-636d-4de8-9352-cb873048f741.m4a?sig=LcL_M35k1UwPpPOBsyQzAw
RONS	Podcast #407	/therealrons/rons-podcast-407/	mixcloud	https://stream\t#\t.mixcloud.com/secure/c/m4a/64/2/c/f/c/6451-9ab7-4c46-9efc-cad4f3e6a5e9.m4a?sig=N_YwBQGr9fYya0EBBLszCg
RONS	Podcast #629	/therealrons/rons-podcast-629/	mixcloud	https://stream\t#\t.mixcloud.com/secure/c/m4a/64/2/d/1/e/5d91-e2f7-44db-a24d-c3d9891444f3.m4a?sig=wTuFNsc2nSZQuiPj_EBQ5g
RONS	Podcast #531	/therealrons/rons-podcast-531/	mixcloud	https://stream\t#\t.mixcloud.com/secure/c/m4a/64/2/f/0/f/2786-9094-49a4-a3d6-1d127475fa5b.m4a?sig=7XMyBcBofBaOaWibdvtXpA
RONS	Podcast #675	/therealrons/rons-podcast-675/	mixcloud	https://stream\t#\t.mixcloud.com/secure/c/m4a/64/2/f/3/1/ffc6-b9ab-4d00-a71a-95419ad94103.m4a?sig=3TD7zcBNvFYZK22b3HTwhA
RONS	Podcast #622	/therealrons/rons-podcast-622/	mixcloud	https://stream\t#\t.mixcloud.com/secure/c/m4a/64/3/0/3/1/d5f1-f8a6-47cd-b5f8-80f587798109.m4a?sig=LQrLS7cHxWHE474KCtDm7Q
RONS	Podcast #401	/therealrons/rons-podcast-401/	mixcloud	https://stream\t#\t.mixcloud.com/secure/c/m4a/64/3/0/6/9/3266-d6b3-4bc5-9ca0-7d179a56598a.m4a?sig=vI56LmxNnF2XYwZYOvEQ4A
RONS	Podcast #484	/therealrons/rons-podcast-484/	mixcloud	https://stream\t#\t.mixcloud.com/secure/c/m4a/64/3/1/7/9/0073-62a8-4e70-9ac5-60e6df609182.m4a?sig=Hb9h1KOL3ZDD4BSiVHz73w
RONS	Podcast #610	/therealrons/rons-podcast-610/	mixcloud	https://stream\t#\t.mixcloud.com/secure/c/m4a/64/3/2/8/b/94ef-f3d3-4d7b-9eb8-b97cc3ba6453.m4a?sig=ZcUIAhXE7Nc-d1fs_Yxqig
RONS	Podcast #560	/therealrons/rons-podcast-560/	mixcloud	https://stream\t#\t.mixcloud.com/secure/c/m4a/64/3/3/6/6/a42f-a633-49d7-be6d-39b746ae1cea.m4a?sig=Dj4pzYHmflciTKvyWN7KAA
RONS	Podcast #419	/therealrons/rons-podcast-419/	mixcloud	https://stream\t#\t.mixcloud.com/secure/c/m4a/64/3/4/6/c/099e-386a-4203-b34d-107fb24a160d.m4a?sig=51QoWw6dh_a42e37Ns3M0g
RONS	Podcast #366	/therealrons/rons-podcast-366/	mixcloud	https://stream\t#\t.mixcloud.com/secure/c/m4a/64/3/4/7/8/f06c-2d2d-42c9-a5e4-9f1ed57f1416.m4a?sig=5FXmMlIT3LTkWqII95dWrQ
RONS	Podcast #378	/therealrons/rons-podcast-378/	mixcloud	https://stream\t#\t.mixcloud.com/secure/c/m4a/64/3/4/a/c/6e96-6ba7-4d31-853e-feb2c7fb8d60.m4a?sig=NIqwiTA5-1XU-5z5Dtq3dw
RONS	Podcast #441	/therealrons/rons-podcast-441/	mixcloud	https://stream\t#\t.mixcloud.com/secure/c/m4a/64/3/5/1/7/ac64-5eb1-4c2a-9625-390e50c70c21.m4a?sig=jM882lge3iuUjHQi0qnLfQ
RONS	Podcast #657	/therealrons/rons-podcast-657/	mixcloud	https://stream\t#\t.mixcloud.com/secure/c/m4a/64/3/5/e/a/6097-b310-43ae-8e27-74ee410e4d25.m4a?sig=GPbYsgV-xszl-4fnV1-uTQ
RONS	Podcast #644	/therealrons/rons-podcast-644/	mixcloud	https://stream\t#\t.mixcloud.com/secure/c/m4a/64/3/6/a/1/2621-9f27-483b-bb05-c032736b7c71.m4a?sig=VjJo6lq9KQPLr5ZigLCE0w
RONS	Podcast #410	/therealrons/rons-podcast-410/	mixcloud	https://stream\t#\t.mixcloud.com/secure/c/m4a/64/3/6/e/b/99e5-c4f4-41d6-989b-0ec880c0381b.m4a?sig=_K8i8vhdYo6xfDQwnYDUvg
RONS	Podcast #652	/therealrons/rons-podcast-652/	mixcloud	https://stream\t#\t.mixcloud.com/secure/c/m4a/64/3/7/4/4/5776-9a55-4383-bb37-6a305cc812f2.m4a?sig=6FIy21ib_OqX5ti8DF4FFA
RONS	Podcast #351	/therealrons/rons-podcast-351/	mixcloud	https://stream\t#\t.mixcloud.com/secure/c/m4a/64/3/7/e/8/ee8a-1e75-4a20-8323-bad2a2d5413b.m4a?sig=nvrWKtS8D8bypoxlaYRS5Q
RONS	Podcast #534	/therealrons/rons-podcast-534/	mixcloud	https://stream\t#\t.mixcloud.com/secure/c/m4a/64/3/8/0/9/15e6-8fa3-4afb-853c-94494692f679.m4a?sig=zLyPQ3FPwe7HdRl4I0mySQ
RONS	Podcast #403	/therealrons/rons-podcast-403/	mixcloud	https://stream\t#\t.mixcloud.com/secure/c/m4a/64/3/8/0/d/e883-39a4-439a-87a4-016d83b82dc6.m4a?sig=-zfU5sISkCYkv9itmW5f8w
RONS	Podcast #500	/therealrons/rons-podcast-500/	mixcloud	https://stream\t#\t.mixcloud.com/secure/c/m4a/64/3/8/2/a/a2e6-62c8-477c-ada9-2341194c929c.m4a?sig=BN832WKCLp1bvSTh9nvgLw
RONS	Podcast #489	/therealrons/rons-podcast-489/	mixcloud	https://stream\t#\t.mixcloud.com/secure/c/m4a/64/3/9/5/3/6976-2105-4f93-befd-5fda302d764b.m4a?sig=GgW5bU0lCSUvzEuU5WjlOg
RONS	Podcast #476	/therealrons/rons-podcast-476/	mixcloud	https://stream\t#\t.mixcloud.com/secure/c/m4a/64/3/9/c/8/aa1e-564b-4417-bf19-f43508e3b05f.m4a?sig=AfcpZC34bpJosWVGQzr8_Q
RONS	Podcast #552	/therealrons/rons-podcast-552/	mixcloud	https://stream\t#\t.mixcloud.com/secure/c/m4a/64/3/a/e/b/5358-aa2d-457d-bbd1-520064c3ec56.m4a?sig=ru2UndeRNpfhLgLCJZvlkA
Lys_	LysOctober1Mix2019.mp3	/Lys_/lys_-october1mix2019mp3/	mixcloud	https://stream\t#\t.mixcloud.com/secure/c/m4a/64/3/b/6/2/8bbc-7432-43a2-b84b-c5b3e6b90384.m4a?sig=B3m2rFjH_8Mogek82YdmuQ
RONS	Podcast #580	/therealrons/rons-podcast-580/	mixcloud	https://stream\t#\t.mixcloud.com/secure/c/m4a/64/3/c/4/3/9e7e-f9d4-4db9-8563-02141b537193.m4a?sig=fKpDso07O2RcRn3d2uj2pQ
RONS	Podcast #642	/therealrons/rons-podcast-642/	mixcloud	https://stream\t#\t.mixcloud.com/secure/c/m4a/64/3/c/a/c/a24d-b323-42ae-8faf-8d4a7cb7e651.m4a?sig=7e9FxBcaf--QzbElgtY18w
RONS	Podcast #423	/therealrons/rons-podcast-423/	mixcloud	https://stream\t#\t.mixcloud.com/secure/c/m4a/64/3/d/b/6/1f91-e924-40f0-a101-da986ec6b009.m4a?sig=VIBLO_GQixI-iotydjUvmg
RONS	Podcast #595	/therealrons/rons-podcast-595/	mixcloud	https://stream\t#\t.mixcloud.com/secure/c/m4a/64/3/e/f/8/5aa3-5c2d-447f-91c6-cf0082bb694b.m4a?sig=Uj7FMKfuXqKaVkc4o_vvqg
RONS	Podcast #677	/therealrons/rons-podcast-677/	mixcloud	https://stream\t#\t.mixcloud.com/secure/c/m4a/64/3/f/b/c/8332-0db1-42ab-a86d-1eb999b8e885.m4a?sig=PNDcVFTPeeuFCo6QAzhS2A
RONS	Podcast #367	/therealrons/rons-podcast-367/	mixcloud	https://stream\t#\t.mixcloud.com/secure/c/m4a/64/4/0/3/e/f40a-a72e-4231-a9cf-f5d5bf42c7ba.m4a?sig=22gEsFbBhK9n91nR8HbBeA
RONS	Podcast #422	/therealrons/rons-podcast-422/	mixcloud	https://stream\t#\t.mixcloud.com/secure/c/m4a/64/4/1/9/f/44eb-879f-49f7-84a2-662cd096340d.m4a?sig=trq0fKVkEpKkGcW6C4FINw
RONS	Podcast #374	/therealrons/rons-podcast-374/	mixcloud	https://stream\t#\t.mixcloud.com/secure/c/m4a/64/4/1/b/2/026f-83a2-491d-b176-5655c42503a6.m4a?sig=Vpe35UmPxR1MdnOvBv_CXw
RONS	Podcast #589	/therealrons/rons-podcast-589/	mixcloud	https://stream\t#\t.mixcloud.com/secure/c/m4a/64/4/2/c/9/6f9a-73eb-459a-9aeb-3ce90a611ebf.m4a?sig=r_TVBKd5_rvc--oG8j3fwg
RONS	Podcast #477	/therealrons/rons-podcast-477/	mixcloud	https://stream\t#\t.mixcloud.com/secure/c/m4a/64/4/2/f/5/3285-897d-48c2-8edc-5fab2d0f1eb3.m4a?sig=EdGkATS2SxaLHaz6Zvs00g
RONS	Podcast #400	/therealrons/rons-podcast-400/	mixcloud	https://stream\t#\t.mixcloud.com/secure/c/m4a/64/4/3/0/1/811e-f430-470e-8d9a-0ebcd8a302e0.m4a?sig=Nf0lBgD3m62sBQ70F1a_HQ
RONS	Podcast #395	/therealrons/rons-podcast-395/	mixcloud	https://stream\t#\t.mixcloud.com/secure/c/m4a/64/4/3/3/d/9b33-ff71-4b79-a567-b11c7c30dc2d.m4a?sig=Bti7dPC5w6YhdBnyFiHGmQ
RONS	Podcast #472	/therealrons/rons-podcast-472/	mixcloud	https://stream\t#\t.mixcloud.com/secure/c/m4a/64/4/3/d/4/c1ce-e1e1-4196-917f-f115932f6ae1.m4a?sig=0vbY-N4NsMwdJg-6YrMPug
RONS	Podcast #504	/therealrons/rons-podcast-504/	mixcloud	https://stream\t#\t.mixcloud.com/secure/c/m4a/64/4/4/2/7/0e16-62e6-451d-9549-8898b0f87e09.m4a?sig=mh0nu3KiOjKZvU7oHAIwgQ
RONS	Podcast #564	/therealrons/rons-podcast-564/	mixcloud	https://stream\t#\t.mixcloud.com/secure/c/m4a/64/4/4/d/9/9dfe-3248-49ff-8dc6-8c408ccc6830.m4a?sig=Q9GWLrsyiRbSkd_JYUXxvg
RONS	Podcast #691	/therealrons/rons-podcast-691/	mixcloud	https://stream\t#\t.mixcloud.com/secure/c/m4a/64/4/5/c/4/712c-c00b-4aa8-be7c-db8b16b3f6f1.m4a?sig=53pOkxoSH5sU7doQ-NqxBQ
Frankie 3000	Basement Jaxx - Back To The Past Redrum mix	/FrankAndreasen/basement-jaxx-2022-club-mix/	mixcloud	https://stream\t#\t.mixcloud.com/secure/c/m4a/64/4/7/5/0/732f-1d8a-470f-9fd8-9a89470c8990.m4a?sig=up_6JojF7d7K1z9cUTwbrg
RONS	Podcast #381	/therealrons/rons-podcast-381/	mixcloud	https://stream\t#\t.mixcloud.com/secure/c/m4a/64/4/8/a/8/ef40-ca5f-4a34-b1dd-6dbc8e1041b7.m4a?sig=9-dIksF_zB_uAwTArXXUgg
RONS	Podcast #508	/therealrons/rons-podcast-508/	mixcloud	https://stream\t#\t.mixcloud.com/secure/c/m4a/64/4/c/1/6/3278-1f10-409e-873a-ecd95c827759.m4a?sig=KsZSYqbJx8nDMjYu6J08_A
RONS	Podcast #353	/therealrons/rons-podcast-353/	mixcloud	https://stream\t#\t.mixcloud.com/secure/c/m4a/64/5/1/7/d/0243-2c8b-46cb-a606-8a5ce917a692.m4a?sig=nboA3VLY0verQXPblKlNHw
RONS	Podcast #678	/therealrons/rons-podcast-678/	mixcloud	https://stream\t#\t.mixcloud.com/secure/c/m4a/64/5/3/4/3/b988-b61b-4f0b-85c8-e82232f363c3.m4a?sig=Y6eyOHt4Jr3O_dHubu1_PQ
RONS	Podcast #368	/therealrons/rons-podcast-368/	mixcloud	https://stream\t#\t.mixcloud.com/secure/c/m4a/64/5/3/f/8/17d5-0588-46d6-ab9e-a5e1570b1285.m4a?sig=5Agg2R2B9eagPctDP0V4fQ
RONS	Podcast #614	/therealrons/rons-podcast-614/	mixcloud	https://stream\t#\t.mixcloud.com/secure/c/m4a/64/5/5/8/c/fddc-d78c-48cc-a777-a3a328e48040.m4a?sig=fuCSWNkC3iEL88F3k8Z0sw
RONS	Podcast #613	/therealrons/rons-podcast-613/	mixcloud	https://stream\t#\t.mixcloud.com/secure/c/m4a/64/5/5/b/a/7d01-4e2a-43cd-b957-a9a1826b8826.m4a?sig=aTprIGYTEBOgHrBGgJwFQA
RONS	Podcast #499	/therealrons/rons-podcast-499/	mixcloud	https://stream\t#\t.mixcloud.com/secure/c/m4a/64/5/5/d/f/f27c-de85-4330-b521-e2e33dbd1094.m4a?sig=nRrKLSOBgg0iU4NW_Z7b_w
RONS	Podcast #475	/therealrons/rons-podcast-475/	mixcloud	https://stream\t#\t.mixcloud.com/secure/c/m4a/64/5/7/4/f/d18e-387a-432c-beec-6f9dd98afc15.m4a?sig=gh6tCpN8yY5lKnFp1Y_mdw
RONS	Podcast #471	/therealrons/rons-podcast-471/	mixcloud	https://stream\t#\t.mixcloud.com/secure/c/m4a/64/5/8/0/b/b347-a27f-43fb-81b3-eea85af33d03.m4a?sig=-SZW-LKSnSQO-bIJAnPqhQ
RONS	Podcast #449	/therealrons/rons-podcast-449/	mixcloud	https://stream\t#\t.mixcloud.com/secure/c/m4a/64/5/8/a/7/0284-1240-47c6-a87c-eb65e410fb12.m4a?sig=muA_UHzfs_ - 0xW4Ox9CO0A
RONS	Podcast #454	/therealrons/rons-podcast-454/	mixcloud	https://stream\t#\t.mixcloud.com/secure/c/m4a/64/5/9/4/e/ffde-fbd1-4b35-b9ca-4b889a4ec646.m4a?sig=u4WpkEfmMPMqDDSQ0RThVw
RONS	Podcast #451	/therealrons/rons-podcast-451/	mixcloud	https://stream\t#\t.mixcloud.com/secure/c/m4a/64/5/a/b/b/8bc0-1d9e-4bd7-bc55-6dc5b06335d7.m4a?sig=zWI_2XHmuaRK8Ai6CJKDaA
RONS	Podcast #581	/therealrons/rons-podcast-581/	mixcloud	https://stream\t#\t.mixcloud.com/secure/c/m4a/64/5/c/3/9/56e6-f42c-4a54-abff-a94e7c8c0458.m4a?sig=51gox3NuYwuAXPkMhsNp4Q
RONS	Podcast #511	/therealrons/rons-podcast-511/	mixcloud	https://stream\t#\t.mixcloud.com/secure/c/m4a/64/5/c/a/c/a769-ac55-41be-a2cf-5e1ca63ae4fa.m4a?sig=AHz-S66cVcM7SfBAjoYHxg
Frankie 3000	The Human League - The Greatest Hits mix	/FrankAndreasen/the-human-league-the-greatest-hits-mix/	mixcloud	https://stream\t#\t.mixcloud.com/secure/c/m4a/64/5/d/5/8/6293-0a3a-4712-8231-b0990e6c6f57.m4a?sig=zOBrVZrYchy7ucF9FCO6cw
RONS	Podcast #493	/therealrons/rons-podcast-493/	mixcloud	https://stream\t#\t.mixcloud.com/secure/c/m4a/64/5/d/6/0/164d-bd25-4605-bfc2-a3d68600cdde.m4a?sig=7oNiM9HA3SAbZN1e4R8kTQ
RONS	Podcast #637	/therealrons/rons-podcast-637/	mixcloud	https://stream\t#\t.mixcloud.com/secure/c/m4a/64/5/d/7/d/84bd-fc35-4645-a358-1adb42cadd40.m4a?sig=pqDC4AS2NsORvVFd6jgPvQ
RONS	Podcast #660	/therealrons/rons-podcast-660/	mixcloud	https://stream\t#\t.mixcloud.com/secure/c/m4a/64/5/e/2/e/6240-3fc5-44c6-965c-380bed3f3ac7.m4a?sig=iU_coJiL4d8ttWKJ3JeM_g
Liquid DnB Mix	Vol 61 - Killing Time	/Dj-Mighty-DnB/liquid-dnb-mix-vol-61-killing-time/	mixcloud	https://stream\t#\t.mixcloud.com/secure/c/m4a/64/5/e/5/8/a23e-6a64-44cc-ac1f-8a56b8c5d01f.m4a?sig=ZZhpCPmrQ5QgUkfuTnbkog
RONS	Podcast #461	/therealrons/rons-podcast-461/	mixcloud	https://stream\t#\t.mixcloud.com/secure/c/m4a/64/5/f/0/a/7aa3-1648-4b3c-84a1-66fc121b3f0e.m4a?sig=wFUbX_TmzMbnKya-y2js8Q
RONS	Podcast #417	/therealrons/rons-podcast-417/	mixcloud	https://stream\t#\t.mixcloud.com/secure/c/m4a/64/5/f/d/7/680e-54eb-40d0-90a5-378ca4c19583.m4a?sig=y_qSNv3EkNt6QKO6FyRiEQ
RONS	Podcast #377	/therealrons/rons-podcast-377/	mixcloud	https://stream\t#\t.mixcloud.com/secure/c/m4a/64/6/0/0/f/dff1-659e-487e-be29-4af19f4aa40d.m4a?sig=knE7GfY97mTF044aA36T1g
RONS	Podcast #538	/therealrons/rons-podcast-538/	mixcloud	https://stream\t#\t.mixcloud.com/secure/c/m4a/64/6/0/4/c/9b79-6b30-4108-8ef0-50c065279703.m4a?sig=JIj44XUPEF431QR7inCK6Q
RONS	Podcast #591	/therealrons/rons-podcast-591/	mixcloud	https://stream\t#\t.mixcloud.com/secure/c/m4a/64/6/0/6/8/25fc-0107-4bd7-99df-e64171442271.m4a?sig=MEXtFSs-pR4yLD-sHMqjeQ
RONS	Podcast #486	/therealrons/rons-podcast-486/	mixcloud	https://stream\t#\t.mixcloud.com/secure/c/m4a/64/6/2/3/0/4509-04b0-42b3-83e5-98e11d727570.m4a?sig=uGEPmRoUP90QaTHuAmaetw
RONS	Podcast #549	/therealrons/rons-podcast-549/	mixcloud	https://stream\t#\t.mixcloud.com/secure/c/m4a/64/6/2/b/b/c8ea-c8b8-4276-89a6-3989dd13787e.m4a?sig=V7rDN3Pjj1jP9yJB6Pva6g
RONS	Podcast #446	/therealrons/rons-podcast-446/	mixcloud	https://stream\t#\t.mixcloud.com/secure/c/m4a/64/6/2/d/5/af67-ac5e-4ef6-9393-eea3ba4f5e3b.m4a?sig=uEoyr556zjYoj5aK8QUcPQ
RONS	Podcast #349	/therealrons/rons-podcast-349/	mixcloud	https://stream\t#\t.mixcloud.com/secure/c/m4a/64/6/3/8/2/c119-11a2-4f33-9eed-a74c3fba23a0.m4a?sig=AshMoAgT76tvLUXz9aHQ9Q
RONS	Podcast #485	/therealrons/rons-podcast-485/	mixcloud	https://stream\t#\t.mixcloud.com/secure/c/m4a/64/6/4/f/f/e67b-a377-429f-8386-4960ed96a0b0.m4a?sig=8kPnnncYsrlXaOhZwT6N8Q
RONS	Podcast #524	/therealrons/rons-podcast-524/	mixcloud	https://stream\t#\t.mixcloud.com/secure/c/m4a/64/6/6/d/1/5d45-38f6-47e3-8cb8-8dff4ff45542.m4a?sig=MMwMmdvj05Ke6QfzPHZiwA
RONS	Podcast #490	/therealrons/rons-podcast-490/	mixcloud	https://stream\t#\t.mixcloud.com/secure/c/m4a/64/6/7/a/c/4e9c-130a-4939-a563-9fd5ad794638.m4a?sig=G8PXwFm59EzaFWqVBZJKGQ
RONS	Podcast #594	/therealrons/rons-podcast-594/	mixcloud	https://stream\t#\t.mixcloud.com/secure/c/m4a/64/6/8/7/1/d321-3622-4d44-96af-d21e4d873491.m4a?sig=a27fgww0_AzjyXFBQfgM1g
RONS	Podcast #688	/therealrons/rons-podcast-688/	mixcloud	https://stream\t#\t.mixcloud.com/secure/c/m4a/64/6/8/f/8/49c3-0c47-4b62-ad0e-b3d67d23e340.m4a?sig=QBfDfmxkXr6xDssRgKOmOw
RONS	Podcast #616	/therealrons/rons-podcast-616/	mixcloud	https://stream\t#\t.mixcloud.com/secure/c/m4a/64/6/9/8/0/8a3e-24b7-4d3e-8e76-44ef5431b9e4.m4a?sig=aGrz0v0w3Njw6dzd4_6Csg
RONS	Podcast #364	/therealrons/rons-podcast-364/	mixcloud	https://stream\t#\t.mixcloud.com/secure/c/m4a/64/6/9/d/3/573c-c2ba-46d9-bfa0-23e1a593863c.m4a?sig=glbDZVQ1l7Yx-hh-ARlemg
RONS	Podcast #659	/therealrons/rons-podcast-659/	mixcloud	https://stream\t#\t.mixcloud.com/secure/c/m4a/64/6/9/d/a/04be-a113-4e57-8e92-abe28d714d77.m4a?sig=lJdXndzPRiO_cfmw4gMD4Q
RONS	Podcast #397	/therealrons/rons-podcast-397/	mixcloud	https://stream\t#\t.mixcloud.com/secure/c/m4a/64/6/a/1/7/fa50-f06e-4eda-9e05-f576908296cc.m4a?sig=p-wYDJdy4uyek2wAQYqmEw
RONS	Podcast #628	/therealrons/rons-podcast-628/	mixcloud	https://stream\t#\t.mixcloud.com/secure/c/m4a/64/6/b/8/b/8a73-1670-4817-b00d-c676443add9c.m4a?sig=sVooHG2lZDhQvGbmlJd9wQ
RONS	Podcast #699	/therealrons/rons-podcast-699/	mixcloud	https://stream\t#\t.mixcloud.com/secure/c/m4a/64/6/c/3/5/9b20-0713-4c72-abad-ca6f68f55eff.m4a?sig=Zk4ZkMyIQYhyLMFJMHU7Ng
RONS	Podcast #404	/therealrons/rons-podcast-404/	mixcloud	https://stream\t#\t.mixcloud.com/secure/c/m4a/64/6/d/9/f/9e49-4e96-4d92-b115-1203ae94e750.m4a?sig=tPmhX8RlXZ1SFl-m-Cz8Vw
Frankie 3000	The Best Of 2018 - Summer hits	/FrankAndreasen/the-best-of-2018-summer-hits/	mixcloud	https://stream\t#\t.mixcloud.com/secure/c/m4a/64/6/d/d/f/4238-6b77-4727-bb06-f67c0bc4dcde.m4a?sig=Pz7tg8lI42tAQjun1t015g
RONS	Podcast #599	/therealrons/rons-podcast-599/	mixcloud	https://stream\t#\t.mixcloud.com/secure/c/m4a/64/6/f/1/1/d13f-ccba-446b-96e0-17dfb8612158.m4a?sig=GQ3TR34bw5bLUMp9uVXEtw
RONS	Podcast #579	/therealrons/rons-podcast-579/	mixcloud	https://stream\t#\t.mixcloud.com/secure/c/m4a/64/6/f/d/0/2450-903b-4f79-885c-66ee0c600636.m4a?sig=Ar2HKiMjlO2ijKA4UW9ZxA
RONS	Podcast #611	/therealrons/rons-podcast-611/	mixcloud	https://stream\t#\t.mixcloud.com/secure/c/m4a/64/7/2/9/1/8b67-b0d6-49b9-9799-92180ded1a4d.m4a?sig=BtCs2KKmO1GsV3SkPpsrRQ
Frankie 3000	Techno Trax - The Best Of	/FrankAndreasen/techo-trax-the-best-of/	mixcloud	https://stream\t#\t.mixcloud.com/secure/c/m4a/64/7/2/e/6/3846-af67-4f07-88f3-fa7144b15c8a.m4a?sig=IXPyuwAF5BgchDFPw9y0wA
RONS	Podcast #625	/therealrons/rons-podcast-625/	mixcloud	https://stream\t#\t.mixcloud.com/secure/c/m4a/64/7/2/f/d/b541-301f-4e8e-9685-04891c9b5ef2.m4a?sig=nL4AlBjxk6KlhU6r94vbIg
RONS	Podcast #633	/therealrons/rons-podcast-633/	mixcloud	https://stream\t#\t.mixcloud.com/secure/c/m4a/64/7/3/2/6/0010-763f-4630-bcd6-2eb026812756.m4a?sig=jIcvOJEIKwm2_nMIpw8ALQ
Frankie 3000	80s Mix - Part 4	/FrankAndreasen/80s-mix-part-4/	mixcloud	https://stream\t#\t.mixcloud.com/secure/c/m4a/64/7/3/4/f/3dd0-86e6-4040-9d77-7c564501728b.m4a?sig=6KoB5FRDZZyxSsnMzf_caQ
RONS	Podcast #529	/therealrons/rons-podcast-529/	mixcloud	https://stream\t#\t.mixcloud.com/secure/c/m4a/64/7/4/8/7/fba0-47e4-4fd0-9996-43e587a3df8d.m4a?sig=lFROOnUw8CWtBTkGr3a8hQ
RONS	Podcast #528	/therealrons/rons-podcast-528/	mixcloud	https://stream\t#\t.mixcloud.com/secure/c/m4a/64/7/4/9/6/6794-acb5-4601-8624-38855d4941db.m4a?sig=LRcY2oGu8VIOP6weFa6-Ig
RONS	Podcast #379	/therealrons/rons-podcast-379/	mixcloud	https://stream\t#\t.mixcloud.com/secure/c/m4a/64/7/4/9/d/51bb-b1a7-437c-a40f-4e63b101091b.m4a?sig=MRQ5IQ9hV9aLQSr595X4rA
RONS	Podcast #458	/therealrons/rons-podcast-458/	mixcloud	https://stream\t#\t.mixcloud.com/secure/c/m4a/64/7/5/8/b/39e2-906c-4258-9821-078f00399704.m4a?sig=iUCR85oiB5eEpCzv4_YzQQ
RONS	Podcast #354	/therealrons/rons-podcast-354/	mixcloud	https://stream\t#\t.mixcloud.com/secure/c/m4a/64/7/6/2/7/533f-7d91-43d5-a158-d8d91a36e88c.m4a?sig=1qPdltbGlgBUm4-0ZBNW8g
RONS	Podcast #701	/therealrons/rons-podcast-701/	mixcloud	https://stream\t#\t.mixcloud.com/secure/c/m4a/64/7/6/4/4/3566-9101-4c02-90b6-24bad217674a.m4a?sig=DmUIiSK_cJeeW8-63S08Uw
RONS	Podcast #537	/therealrons/rons-podcast-537/	mixcloud	https://stream\t#\t.mixcloud.com/secure/c/m4a/64/7/7/4/b/c1fd-98d3-4070-855b-d3d4b7361bd6.m4a?sig=A32W6oALHfXnESQ5Mgq5Zg
RONS	Podcast #516	/therealrons/rons-podcast-516/	mixcloud	https://stream\t#\t.mixcloud.com/secure/c/m4a/64/7/7/6/c/5c17-0e61-4e24-8453-5bd5ff67886a.m4a?sig=cJQLkWiCPAaQwkRhaBsz5g
Frankie 3000	The Chainsmokers - Megamix 2018	/FrankAndreasen/the-chainsmokers-megamix-2018/	mixcloud	https://stream\t#\t.mixcloud.com/secure/c/m4a/64/7/7/e/d/8233-a8da-4d75-a79b-f46ec6b04c56.m4a?sig=fSAXhEqLZq6wacT-8H7AkA
RONS	Podcast #607	/therealrons/rons-podcast-607/	mixcloud	https://stream\t#\t.mixcloud.com/secure/c/m4a/64/7/8/0/2/638d-dd65-484b-b49b-eb3070f218ad.m4a?sig=7_Pec5FVZjdXp8yJbI2Vqw
RONS	Podcast #603	/therealrons/rons-podcast-603/	mixcloud	https://stream\t#\t.mixcloud.com/secure/c/m4a/64/7/8/0/4/dc37-84c3-43fa-97f6-bf13eaaaa89d.m4a?sig=TQt7wMqHT0NHy4gcDUvC2A
RONS	Podcast #463	/therealrons/rons-podcast-463/	mixcloud	https://stream\t#\t.mixcloud.com/secure/c/m4a/64/7/8/4/0/75a9-d67e-48d1-8ebc-48453b2b34f9.m4a?sig=CiRVUoUJKN59k9399pCSMA
RONS	Podcast #507	/therealrons/rons-podcast-507/	mixcloud	https://stream\t#\t.mixcloud.com/secure/c/m4a/64/7/8/e/a/3a8f-a6f9-463c-9369-29dd9408fdcf.m4a?sig=VjcQTbtDRFz1T6I1f0GsPQ
Frankie 3000	Beach Party Club mix	/FrankAndreasen/beach-party-club-mix/	mixcloud	https://stream\t#\t.mixcloud.com/secure/c/m4a/64/7/9/3/9/5150-f337-47d3-883b-663c0415e4b3.m4a?sig=HpIdwGl3LJ4thj5vhqDzRw
RONS	Podcast #435	/therealrons/rons-podcast-435/	mixcloud	https://stream\t#\t.mixcloud.com/secure/c/m4a/64/7/a/0/2/2310-e9aa-4e8c-b34c-1c2f292c0bdb.m4a?sig=gZVN4YUGFLoIBpjd9K2QvQ
Frankie 3000	The Best of 2017	/FrankAndreasen/the-best-of-2017/	mixcloud	https://stream\t#\t.mixcloud.com/secure/c/m4a/64/7/a/5/7/39c1-3627-4158-9abe-5674c67bfeba.m4a?sig=oYHxoluwa4WNXkchYTepHA
RONS	Podcast #369	/therealrons/rons-podcast-369/	mixcloud	https://stream\t#\t.mixcloud.com/secure/c/m4a/64/7/a/a/4/913c-8588-48e1-8142-18f3d35349bc.m4a?sig=dTRZMwOGs3Da7ZcAJVHBZA
RONS	Podcast #608	/therealrons/rons-podcast-608/	mixcloud	https://stream\t#\t.mixcloud.com/secure/c/m4a/64/7/a/f/f/547b-e47a-4fdc-b094-548742ed2a06.m4a?sig=gAiuPfOoP6UXmvjEl6J4aw
RONS	Podcast #635	/therealrons/rons-podcast-635/	mixcloud	https://stream\t#\t.mixcloud.com/secure/c/m4a/64/7/b/3/e/dc8a-2ecc-41dc-b174-c695dce447bb.m4a?sig=hTVN_KHSTOT7Axar7AjCxg
Lys_	LysJune2019	/Lys_/lys_-june2019/	mixcloud	https://stream\t#\t.mixcloud.com/secure/c/m4a/64/7/c/4/6/69aa-041d-4543-8764-18c076ac3101.m4a?sig=A7H5WngjVOXChJiQgi7Hkw
RONS	Podcast #592	/therealrons/rons-podcast-592/	mixcloud	https://stream\t#\t.mixcloud.com/secure/c/m4a/64/7/c/6/0/4694-19e5-45e9-8d94-eb95fe93fef4.m4a?sig=aMrFFZe-g09QuE6f2Ha0qA
RONS	Podcast #662	/therealrons/rons-podcast-662/	mixcloud	https://stream\t#\t.mixcloud.com/secure/c/m4a/64/7/d/e/4/e3f9-6145-4192-9b52-5c69d99a3ae5.m4a?sig=GRAO89n0iiDqn4V--IUYBw
RONS	Podcast #643	/therealrons/rons-podcast-643/	mixcloud	https://stream\t#\t.mixcloud.com/secure/c/m4a/64/7/e/1/d/44d6-db57-485b-8fc4-ddf4aa6b18f9.m4a?sig=ZBUdul_IK2MiC6pnUcN-mA
RONS	Podcast #567	/therealrons/rons-podcast-567/	mixcloud	https://stream\t#\t.mixcloud.com/secure/c/m4a/64/7/e/c/0/2e5a-78b8-4102-9348-9dcc14d13484.m4a?sig=mQCABVlOo98Li50voA7BhA
RONS	Podcast #571	/therealrons/rons-podcast-571/	mixcloud	https://stream\t#\t.mixcloud.com/secure/c/m4a/64/7/e/c/d/4993-53ee-4bda-998f-74aa06c02eac.m4a?sig=B4XD_hdZ48zlr5Ex6D9RDA
RONS	Podcast #621	/therealrons/rons-podcast-621/	mixcloud	https://stream\t#\t.mixcloud.com/secure/c/m4a/64/7/f/9/3/b031-5fad-4637-a0a8-6d77a4d4f352.m4a?sig=PF3QbXf0AFK76OYxXRYYNw
RONS	Podcast #481	/therealrons/rons-podcast-481/	mixcloud	https://stream\t#\t.mixcloud.com/secure/c/m4a/64/7/f/d/d/eac8-207b-4edd-a581-9265c1d06786.m4a?sig=W5689ptMyEG_DCybMy-ZNA
RONS	Podcast #557	/therealrons/rons-podcast-557/	mixcloud	https://stream\t#\t.mixcloud.com/secure/c/m4a/64/8/0/1/6/b0ff-1ae4-453b-8f52-8dad5323343d.m4a?sig=ixzyEG17smB53jv9gi1-3A
RONS	Podcast #439	/therealrons/rons-podcast-439/	mixcloud	https://stream\t#\t.mixcloud.com/secure/c/m4a/64/8/0/3/a/b792-5791-4967-8332-615fe4536a3a.m4a?sig=2P4RHwQhLKvxgkjHrt457A
RONS	Podcast #371	/therealrons/rons-podcast-371/	mixcloud	https://stream\t#\t.mixcloud.com/secure/c/m4a/64/8/0/3/b/edc1-81b7-4cd4-af7f-53217967bed3.m4a?sig=qhGgo9h7w8UTN4IAiTe5HQ
RONS	Podcast #687	/therealrons/rons-podcast-687/	mixcloud	https://stream\t#\t.mixcloud.com/secure/c/m4a/64/8/3/b/7/9cc1-5e56-4545-8118-abb33ad90c44.m4a?sig=iC5Ou1YAvlFAbq132Bdp3g
RONS	Podcast #686	/therealrons/rons-podcast-686/	mixcloud	https://stream\t#\t.mixcloud.com/secure/c/m4a/64/8/4/2/a/00f4-4f34-4d8e-9451-a92034db7517.m4a?sig=QNyczikvfTtU1PcfzdWxwg
RONS	Podcast #445	/therealrons/rons-podcast-445/	mixcloud	https://stream\t#\t.mixcloud.com/secure/c/m4a/64/8/5/5/f/2f32-5db7-4315-8dc7-bf73f0757d0c.m4a?sig=KaK39abHx5-3AwDc93-y0Q
RONS	Podcast #650	/therealrons/rons-podcast-650/	mixcloud	https://stream\t#\t.mixcloud.com/secure/c/m4a/64/8/7/0/2/a8d3-78c1-4ab5-8c5f-cd699c93dad2.m4a?sig=0zGvKSiL5f4bv0Au2JzF9A
RONS	Podcast #612	/therealrons/rons-podcast-612/	mixcloud	https://stream\t#\t.mixcloud.com/secure/c/m4a/64/8/8/2/b/c250-ae18-48a8-802e-7efa43ab2577.m4a?sig=7TQDbwFmMlVgWoNYxCW_KQ
RONS	Podcast #392	/therealrons/rons-podcast-392/	mixcloud	https://stream\t#\t.mixcloud.com/secure/c/m4a/64/8/8/3/e/f338-3d46-436d-990c-d0d87b167f66.m4a?sig=MA2bs3P-pQomeR1t_KPQ0A
RONS	Podcast #443	/therealrons/rons-podcast-443/	mixcloud	https://stream\t#\t.mixcloud.com/secure/c/m4a/64/8/8/a/8/794f-a72d-43e6-abca-d4572fc15be5.m4a?sig=WvEAjqXHCKxL51wVdJus8A
RONS	Podcast #348	/therealrons/rons-podcast-348/	mixcloud	https://stream\t#\t.mixcloud.com/secure/c/m4a/64/8/9/1/a/fd8a-a27f-44bd-ac54-e7523b58d588.m4a?sig=xQstZZjPtMuaBd0JgVXHiA
RONS	Podcast #496	/therealrons/rons-podcast-496/	mixcloud	https://stream\t#\t.mixcloud.com/secure/c/m4a/64/8/9/4/a/7b22-fc1d-4051-bd9a-938ca08c915e.m4a?sig=YoWpW-T9aZCVIemvZCiZYA
RONS	Podcast #597	/therealrons/rons-podcast-597/	mixcloud	https://stream\t#\t.mixcloud.com/secure/c/m4a/64/8/a/8/f/cdba-75ee-4c1e-adaa-8ee9379913c4.m4a?sig=Sw5cyClgehVazpR8_Xdyzg
RONS	Podcast #548	/therealrons/rons-podcast-548/	mixcloud	https://stream\t#\t.mixcloud.com/secure/c/m4a/64/8/c/f/c/8b2b-e784-4306-8b2b-c00654875554.m4a?sig=y5o8S2CfXh9PAh_RmE3oLg
RONS	Podcast #587	/therealrons/rons-podcast-587/	mixcloud	https://stream\t#\t.mixcloud.com/secure/c/m4a/64/8/d/e/a/b052-f5df-4fa6-848d-8bc2027cea43.m4a?sig=mr_sygyXTZ-Pimh3g4Lb6w
RONS	Podcast #645	/therealrons/rons-podcast-645/	mixcloud	https://stream\t#\t.mixcloud.com/secure/c/m4a/64/8/e/5/6/628f-24db-4212-b1f2-0c26047df138.m4a?sig=maqCVsBfki_6onSwiAjynQ
RONS	Podcast #689	/therealrons/rons-podcast-689/	mixcloud	https://stream\t#\t.mixcloud.com/secure/c/m4a/64/8/e/6/b/f204-8e11-42b6-82b9-9d792e125bdf.m4a?sig=MLAfHoFYWZYqofkHzfq7tQ
RONS	Podcast #409	/therealrons/rons-podcast-409/	mixcloud	https://stream\t#\t.mixcloud.com/secure/c/m4a/64/8/f/0/f/7680-f54c-48c8-aaef-088bff587e49.m4a?sig=NM5zFoKjlrPFAvvHF7AsTQ
RONS	Podcast #402	/therealrons/rons-podcast-402/	mixcloud	https://stream\t#\t.mixcloud.com/secure/c/m4a/64/8/f/e/6/b879-b27f-43a0-9233-bd0b6f71dc78.m4a?sig=PVCwdNt2oAD-_1mvwUQvaw
RONS	Podcast #540	/therealrons/rons-podcast-540/	mixcloud	https://stream\t#\t.mixcloud.com/secure/c/m4a/64/9/0/a/2/458a-608e-4862-bae4-575a83072b8d.m4a?sig=nTiJtUQ9hrpXdx-fnd5QWA
RONS	Podcast #624	/therealrons/rons-podcast-624/	mixcloud	https://stream\t#\t.mixcloud.com/secure/c/m4a/64/9/0/c/c/8fe4-ffd5-493f-9230-df1b86ba95b5.m4a?sig=wyLLgkeInB6Ab-dd0BIp9Q
RONS	Podcast #468	/therealrons/rons-podcast-468/	mixcloud	https://stream\t#\t.mixcloud.com/secure/c/m4a/64/9/0/f/6/6ce5-8a9f-4d2b-8c85-1236fbc67bd9.m4a?sig=D691CgIpk4nmYJCTlZCSmQ
Frankie 3000	The Best Dance Vibes of 2019 - The Remix	/FrankAndreasen/the-best-dance-vibes-of-2019-the-remix/	mixcloud	https://stream\t#\t.mixcloud.com/secure/c/m4a/64/9/1/c/5/f1ac-033d-4166-80c0-91ccdb5e2064.m4a?sig=Du6bS9P60YmJuina7tOIgQ
Frankie 3000	Disco Fever & Grooves - Volume 3	/FrankAndreasen/disco-fever-grooves-volume-3/	mixcloud	https://stream\t#\t.mixcloud.com/secure/c/m4a/64/9/2/c/0/1903-b32f-4e66-ba23-77cde7173e95.m4a?sig=cr0sBRQ2Ef3C63ZpQUOOwg
RONS	Podcast #638	/therealrons/rons-podcast-638/	mixcloud	https://stream\t#\t.mixcloud.com/secure/c/m4a/64/9/2/e/4/faa1-3fd0-4364-8e46-5828cf44bc1c.m4a?sig=LGlhxiRBAPwdZa-ZqWtIFA
RONS	Podcast #576	/therealrons/rons-podcast-576/	mixcloud	https://stream\t#\t.mixcloud.com/secure/c/m4a/64/9/2/e/6/fcdf-8d5a-485e-b9b2-743d3c6183d3.m4a?sig=K_YbFp9oPkhv6UZXkArCGA
RONS	Podcast #656	/therealrons/rons-podcast-656/	mixcloud	https://stream\t#\t.mixcloud.com/secure/c/m4a/64/9/3/2/e/d00d-8d33-4ff5-b2a0-677ceb15f6b6.m4a?sig=jB1v0Bww9DvAc_EVDAE6XQ
RONS	Podcast #556	/therealrons/rons-podcast-556/	mixcloud	https://stream\t#\t.mixcloud.com/secure/c/m4a/64/9/3/8/a/454c-538d-4c04-a09d-27b85f2616fb.m4a?sig=G03NR5cgtfymE043o6px-w
RONS	Podcast #380	/therealrons/rons-podcast-380/	mixcloud	https://stream\t#\t.mixcloud.com/secure/c/m4a/64/9/3/8/e/ac9d-b88f-4466-b04c-57e1e3796920.m4a?sig=mdinxPagGuL8Gt3jHxWwWQ
RONS	Podcast #388	/therealrons/rons-podcast-388/	mixcloud	https://stream\t#\t.mixcloud.com/secure/c/m4a/64/9/4/0/d/0c06-109e-4bd4-a397-6fe9e98f4315.m4a?sig=V-dBu8shQ_KgChUAt686fA
RONS	Podcast #527	/therealrons/rons-podcast-527/	mixcloud	https://stream\t#\t.mixcloud.com/secure/c/m4a/64/9/4/4/2/c604-a21f-41ad-86c8-cc1a1644958e.m4a?sig=UtGywNIuYbXzY46cCK9gHw
RONS	Podcast #627	/therealrons/rons-podcast-627/	mixcloud	https://stream\t#\t.mixcloud.com/secure/c/m4a/64/9/4/4/f/4ef7-6a2b-47fe-ab11-532f95d3cc15.m4a?sig=gQXb1Ho4nVbV1hEmHTxLaQ
RONS	Podcast #671	/therealrons/rons-podcast-671/	mixcloud	https://stream\t#\t.mixcloud.com/secure/c/m4a/64/9/4/5/e/dcec-2b0c-4256-a43e-7cbd9d9433ef.m4a?sig=iy694gkyp4HftCvAPfZyzQ
RONS	Podcast #452	/therealrons/rons-podcast-452/	mixcloud	https://stream\t#\t.mixcloud.com/secure/c/m4a/64/9/5/2/0/8db6-5d70-42d2-870e-053e9cf8cd72.m4a?sig=64Ji_pW9ehu3P2-8PY3j8A
Lys_	LysFebruary FunMix2019	/Lys_/lys_-february-funmix2019/	mixcloud	https://stream\t#\t.mixcloud.com/secure/c/m4a/64/9/5/9/1/5078-d073-44b7-8cd8-5dd7d7993c0c.m4a?sig=Ni-OhwaJS0C-34N6eqOPgA
RONS	Podcast #740	/therealrons/rons-podcast-740/	mixcloud	https://stream\t#\t.mixcloud.com/secure/c/m4a/64/9/5/b/0/6282-7a32-4780-af5c-f874f73da768.m4a?sig=iBy_V_317ju0s4o84Lizpg
RONS	Podcast #535	/therealrons/rons-podcast-535/	mixcloud	https://stream\t#\t.mixcloud.com/secure/c/m4a/64/9/6/9/6/60e8-d3d3-4c14-9ab9-93e75ee401b4.m4a?sig=qw10-RtxYrbYj1AGuwVCRQ
RONS	Podcast #606	/therealrons/rons-podcast-606/	mixcloud	https://stream\t#\t.mixcloud.com/secure/c/m4a/64/9/6/a/6/ba10-9a15-4370-a3b7-7aab869963eb.m4a?sig=YgXzmc6eA_B1v6q7gvO-mg
RONS	Podcast #517	/therealrons/rons-podcast-517/	mixcloud	https://stream\t#\t.mixcloud.com/secure/c/m4a/64/9/7/1/5/84fa-5aa8-4126-853c-e63c6e5a1aa9.m4a?sig=KNK8Y4xJEZWpPJdAahTiAg
RONS	Podcast #630	/therealrons/rons-podcast-630/	mixcloud	https://stream\t#\t.mixcloud.com/secure/c/m4a/64/9/8/2/a/dc1d-6ecf-4f76-8d57-83f7b03a003d.m4a?sig=qeqmpMgeCIc_CcqHoiIhtA
RONS	Podcast #698	/therealrons/rons-podcast-698/	mixcloud	https://stream\t#\t.mixcloud.com/secure/c/m4a/64/9/9/0/b/fb52-ab19-4903-aa95-0f8b7d971797.m4a?sig=VLVkoAYFRNhf1xStbf320Q
RONS	Podcast #547	/therealrons/rons-podcast-547/	mixcloud	https://stream\t#\t.mixcloud.com/secure/c/m4a/64/9/9/b/d/e43e-5ce5-4efb-842a-e4a4798551d7.m4a?sig=GeOm4FjOJfOHAaObtaY6aQ
RONS	Podcast #539	/therealrons/rons-podcast-539/	mixcloud	https://stream\t#\t.mixcloud.com/secure/c/m4a/64/9/a/7/c/8b7b-7995-4346-8059-a86c358fa268.m4a?sig=LbWm6VZJ6YDcAo_aLCetaQ
RONS	Podcast #697	/therealrons/rons-podcast-697/	mixcloud	https://stream\t#\t.mixcloud.com/secure/c/m4a/64/9/a/f/4/dcd6-b3bf-4195-b22b-442cd190e822.m4a?sig=qUiP86cYNX8VLaDXnN3D7w
RONS	Podcast #453	/therealrons/rons-podcast-453/	mixcloud	https://stream\t#\t.mixcloud.com/secure/c/m4a/64/9/b/7/8/0346-3d6c-40c8-b9d0-352845a7898c.m4a?sig=9lYWNtyKdZmd2VcWd7Cnlg
RONS	Podcast #682	/therealrons/rons-podcast-682/	mixcloud	https://stream\t#\t.mixcloud.com/secure/c/m4a/64/9/b/9/a/f3a7-69ef-46e0-828a-96ac1d29b82f.m4a?sig=9FDMLJXeiJYiqXUmI_EWSw
RONS	Podcast #668	/therealrons/rons-podcast-668/	mixcloud	https://stream\t#\t.mixcloud.com/secure/c/m4a/64/9/b/b/1/1b2b-0c28-4529-9774-0e9d904d60a5.m4a?sig=aIL97CEpA6PdPDQv8HwuCQ
RONS	Podcast #661	/therealrons/rons-podcast-661/	mixcloud	https://stream\t#\t.mixcloud.com/secure/c/m4a/64/9/b/c/c/7741-0c70-4d75-b4aa-7c565c5f67f1.m4a?sig=FJCZAfdwRL5CtpQ_00pc8w
RONS	Podcast #408	/therealrons/rons-podcast-408/	mixcloud	https://stream\t#\t.mixcloud.com/secure/c/m4a/64/9/b/f/8/b6c3-bd52-44ea-884c-eb8eafde145a.m4a?sig=6wwq-9ZFd0cCA2jxsABzcQ
RONS	Podcast #430	/therealrons/rons-podcast-430/	mixcloud	https://stream\t#\t.mixcloud.com/secure/c/m4a/64/9/c/1/a/9854-c7aa-4dc9-8bed-7e87694b72b7.m4a?sig=1u7FFAVo8np0mHgD07J9oQ
RONS	Podcast #480	/therealrons/rons-podcast-480/	mixcloud	https://stream\t#\t.mixcloud.com/secure/c/m4a/64/9/d/2/b/2b10-a3d3-4b60-be90-752af65b2742.m4a?sig=XhyClqhDy76JtFfsx_MAlQ
RONS	Podcast #551	/therealrons/rons-podcast-551/	mixcloud	https://stream\t#\t.mixcloud.com/secure/c/m4a/64/9/d/f/0/f57f-cf32-44fd-8b9e-0a4eaf47caa8.m4a?sig=FcB-6_XRBbbOrN4INrTVag
RONS	Podcast #684	/therealrons/rons-podcast-684/	mixcloud	https://stream\t#\t.mixcloud.com/secure/c/m4a/64/9/f/4/4/eeb2-9e23-440e-ad94-1a353149e88d.m4a?sig=C8hNzMDP03L7Z2A_Sy2kIg
RONS	Podcast #433	/therealrons/rons-podcast-433/	mixcloud	https://stream\t#\t.mixcloud.com/secure/c/m4a/64/9/f/7/f/23cc-2891-4c3c-9a31-46b8321514a1.m4a?sig=fpZJHB12X1KFx7sSlSwNTg
Frankie 3000	Country Pop - Volume 1	/FrankAndreasen/country-pop-volume-1/	mixcloud	https://stream\t#\t.mixcloud.com/secure/c/m4a/64/a/1/4/1/d4a7-f0b5-47ed-8c83-7885fad8b835.m4a?sig=T6CP18FwTBGc1b8wCDK0Tg
RONS	Podcast #467	/therealrons/rons-podcast-467/	mixcloud	https://stream\t#\t.mixcloud.com/secure/c/m4a/64/a/1/c/8/5f49-584f-40fd-8eec-37f8fed9018c.m4a?sig=kjpsoTQXUKmOSIxAuFHdfg
RONS	Podcast #520	/therealrons/rons-podcast-520/	mixcloud	https://stream\t#\t.mixcloud.com/secure/c/m4a/64/a/6/a/5/7789-1254-4e85-9e6b-b5b66cf4d8e7.m4a?sig=tvH0nJeALVcQhe-ZLtJM3Q
RONS	Podcast #488	/therealrons/rons-podcast-488/	mixcloud	https://stream\t#\t.mixcloud.com/secure/c/m4a/64/a/7/2/8/763c-16f6-41df-b563-b2d0b585fb90.m4a?sig=rD6jK_FM7_B07THLtHx7PQ
RONS	Podcast #361	/therealrons/rons-podcast-361/	mixcloud	https://stream\t#\t.mixcloud.com/secure/c/m4a/64/a/7/4/e/78ac-c933-431e-a870-7ecc4a234066.m4a?sig=AcNs1g2SJjE5czybuTCAOA
RONS	Podcast #544	/therealrons/rons-podcast-544/	mixcloud	https://stream\t#\t.mixcloud.com/secure/c/m4a/64/a/8/e/f/21da-c249-4688-8adc-7f9e6a19d11c.m4a?sig=-d4e28vYW7nxpbrfqwh47g
RONS	Podcast #574	/therealrons/rons-podcast-574/	mixcloud	https://stream\t#\t.mixcloud.com/secure/c/m4a/64/a/8/f/1/5393-47bc-4c07-81b1-ac73bbc74a2c.m4a?sig=rAI7P9lSnfqMCyWQjFBiPg
RONS	Podcast #522	/therealrons/rons-podcast-522/	mixcloud	https://stream\t#\t.mixcloud.com/secure/c/m4a/64/a/a/3/b/a49a-4ded-4474-9269-eea8e335bd54.m4a?sig=cj_dFdU6NRqP0VJA2WFrgg
RONS	Podcast #418	/therealrons/rons-podcast-418/	mixcloud	https://stream\t#\t.mixcloud.com/secure/c/m4a/64/a/a/5/6/4b0a-f4cb-4f5e-b2a9-a90c05fce53f.m4a?sig=oyx25cGWitUAXJo-hAbW_w
RONS	Podcast #617	/therealrons/rons-podcast-617/	mixcloud	https://stream\t#\t.mixcloud.com/secure/c/m4a/64/a/a/6/6/9299-8d92-458d-afc3-6c08470bc071.m4a?sig=FN7qTz_VMQRaUPTu-MBmMw
RONS	Podcast #457	/therealrons/rons-podcast-457/	mixcloud	https://stream\t#\t.mixcloud.com/secure/c/m4a/64/a/c/3/4/4db2-7075-4754-a0ef-ac908f385316.m4a?sig=bRdrf4ZgG0swf-P0aEGMBQ
Frankie 3000	The Best Of 2018 (The Dance Mixes)	/FrankAndreasen/the-best-of-2018-the-dance-mixes/	mixcloud	https://stream\t#\t.mixcloud.com/secure/c/m4a/64/a/d/a/8/0be3-ddfe-4363-85c3-a66445243105.m4a?sig=hYMNEBYZEJ7FkYtb49f7HA
RONS	Podcast #497	/therealrons/rons-podcast-497/	mixcloud	https://stream\t#\t.mixcloud.com/secure/c/m4a/64/a/e/7/4/2eac-e272-4b60-a87c-839ae97c7dc2.m4a?sig=l4IPdnOZKz_o2kg-qWLsEw
RONS	Podcast #469	/therealrons/rons-podcast-469/	mixcloud	https://stream\t#\t.mixcloud.com/secure/c/m4a/64/a/f/6/4/f209-613e-40f2-8086-3c67fc1d7d83.m4a?sig=KjF_nlMy6gnvhE_oiy7vfg
RONS	Podcast #681	/therealrons/rons-podcast-681/	mixcloud	https://stream\t#\t.mixcloud.com/secure/c/m4a/64/a/f/6/7/8e92-cdc9-493f-a064-a1e4276adf15.m4a?sig=czX8GmxaNedn5kWFWLwfKg
RONS	Podcast #704	/therealrons/rons-podcast-704/	mixcloud	https://stream\t#\t.mixcloud.com/secure/c/m4a/64/b/0/7/b/0f14-ea2d-4b02-9ea8-033b7a5e92dc.m4a?sig=SNoqqWbO4yQ45RaplB5upw
RONS	Podcast #389	/therealrons/rons-podcast-389/	mixcloud	https://stream\t#\t.mixcloud.com/secure/c/m4a/64/b/1/9/d/dc4f-a910-48fa-bca1-8b8f3ff16257.m4a?sig=DDoEc5VTNZ5otfgoCSXjKw
RONS	Podcast #558	/therealrons/rons-podcast-558/	mixcloud	https://stream\t#\t.mixcloud.com/secure/c/m4a/64/b/2/c/4/a078-ad63-4dce-bf6d-ac76b6d30cc7.m4a?sig=xsJ9sVlMCedNZGFlH8yYuQ
RONS	Podcast #385	/therealrons/rons-podcast-385/	mixcloud	https://stream\t#\t.mixcloud.com/secure/c/m4a/64/b/2/d/e/c039-47fb-4639-9fd7-a93c3ec4a101.m4a?sig=yeCf16jqvhGhpWA56vWW1g
RONS	Podcast #523	/therealrons/rons-podcast-523/	mixcloud	https://stream\t#\t.mixcloud.com/secure/c/m4a/64/b/3/0/b/73ff-410b-4830-975c-67e8059b3610.m4a?sig=w0EZp4GN5demn-BQdk3dQQ
RONS	Podcast #382	/therealrons/rons-podcast-382/	mixcloud	https://stream\t#\t.mixcloud.com/secure/c/m4a/64/b/3/5/7/22cd-49db-44e6-90a0-8102635a4b1c.m4a?sig=m6QQHIqzmZggV-on7wgiUw
RONS	Podcast #474	/therealrons/rons-podcast-474/	mixcloud	https://stream\t#\t.mixcloud.com/secure/c/m4a/64/b/3/d/4/8233-a4b0-48dd-b281-169e6de6bb54.m4a?sig=ZVi6OnU_gLyAvu6dN0GJJw
RONS	Podcast #536	/therealrons/rons-podcast-536/	mixcloud	https://stream\t#\t.mixcloud.com/secure/c/m4a/64/b/3/e/e/11f6-8335-4839-8b09-38306c29fd27.m4a?sig=fA-TDcQZmK6jSziw4KQWXA
RONS	Podcast #412	/therealrons/rons-podcast-412/	mixcloud	https://stream\t#\t.mixcloud.com/secure/c/m4a/64/b/4/3/0/93d2-92f0-4a19-bf73-19bb66d6a7d1.m4a?sig=pV6vVrorQhg4lCuOxW_76Q
RONS	Podcast #582	/therealrons/rons-podcast-582/	mixcloud	https://stream\t#\t.mixcloud.com/secure/c/m4a/64/b/4/c/9/8223-5021-458a-81a4-dca1d6c58d72.m4a?sig=nBkIbiOVXHY_hCLWoAx4DA
RONS	Podcast #658	/therealrons/rons-podcast-658/	mixcloud	https://stream\t#\t.mixcloud.com/secure/c/m4a/64/b/6/3/0/a7db-cb5b-455c-85f7-e76a33d746f4.m4a?sig=pzxPwZKKmOsphCdwvMNp4A
RONS	Podcast #498	/therealrons/rons-podcast-498/	mixcloud	https://stream\t#\t.mixcloud.com/secure/c/m4a/64/b/6/6/7/0312-7853-473a-a7d9-3bab7f620a77.m4a?sig=RnHLbmu9hzHJk_TmgQXITw
RONS	Podcast #653	/therealrons/rons-podcast-653/	mixcloud	https://stream\t#\t.mixcloud.com/secure/c/m4a/64/b/8/3/7/55ab-ab02-438b-a111-df6c152779c1.m4a?sig=RrH0ppRp2InXexaB37qnUg
RONS	Podcast #634	/therealrons/rons-podcast-634/	mixcloud	https://stream\t#\t.mixcloud.com/secure/c/m4a/64/b/8/4/0/bb2d-afe2-42f1-89eb-c7fe5c79205c.m4a?sig=hN_F8paQhrYPA1TnpdKrHg
RONS	Podcast #343	/therealrons/rons-podcast-343/	mixcloud	https://stream\t#\t.mixcloud.com/secure/c/m4a/64/b/9/1/a/a8e4-16a7-45cf-9025-39de536e4ed2.m4a?sig=emdFREVn0yk4qnrBDsBvsQ
Frankie 3000	The Best Of 2019 - End Year remix	/FrankAndreasen/the-best-of-2019-end-year-remix/	mixcloud	https://stream\t#\t.mixcloud.com/secure/c/m4a/64/b/9/4/b/64b6-317f-41f7-933d-b07b552b19b3.m4a?sig=noYlOchHC65sFrog2TVs6g
RONS	Podcast #375	/therealrons/rons-podcast-375/	mixcloud	https://stream\t#\t.mixcloud.com/secure/c/m4a/64/b/9/c/0/62c9-693b-43d5-81cc-a4c9a15b645a.m4a?sig=-kdRA0qK5_LSKQY1Jawceg
RONS	Podcast #487	/therealrons/rons-podcast-487/	mixcloud	https://stream\t#\t.mixcloud.com/secure/c/m4a/64/b/a/b/a/2826-14c8-411a-a07a-e58e6d1b5806.m4a?sig=eDYqw1M9Hzg7bGmHA2heMw
RONS	Podcast #572	/therealrons/rons-podcast-572/	mixcloud	https://stream\t#\t.mixcloud.com/secure/c/m4a/64/b/b/2/8/fae3-7632-452e-b9c2-69da32db4570.m4a?sig=MX6YSTxIIxt4AKyQ7hEDkw
RONS	Podcast #654	/therealrons/rons-podcast-654/	mixcloud	https://stream\t#\t.mixcloud.com/secure/c/m4a/64/b/c/f/2/ef92-b26b-4fe5-b055-11614ff2b05d.m4a?sig=oPL1I6e6P6tGoC1ySekO8g
RONS	Podcast #492	/therealrons/rons-podcast-492/	mixcloud	https://stream\t#\t.mixcloud.com/secure/c/m4a/64/b/d/0/e/be80-c29a-46ac-ad4a-dfd1521d13a9.m4a?sig=gcyBvMvFE58tRsD6IUFRJw
RONS	Podcast #618	/therealrons/rons-podcast-618/	mixcloud	https://stream\t#\t.mixcloud.com/secure/c/m4a/64/b/e/4/e/c30e-6a2d-41e3-b683-ea9fdc16f16d.m4a?sig=oH4i7mPALJ1dhBpP2Rc7SQ
RONS	Podcast #447	/therealrons/rons-podcast-447/	mixcloud	https://stream\t#\t.mixcloud.com/secure/c/m4a/64/c/0/6/3/c48e-2487-438f-9011-2a35cb76f3c5.m4a?sig=hw4jvoeUMZcMYQz1rQgBNA
RONS	Podcast #390	/therealrons/rons-podcast-390/	mixcloud	https://stream\t#\t.mixcloud.com/secure/c/m4a/64/c/1/3/4/e59f-a400-47ea-a0c0-baef94f433f6.m4a?sig=wCaYkyvLHDSKCHvCp7UG3A
RONS	Podcast #478	/therealrons/rons-podcast-478/	mixcloud	https://stream\t#\t.mixcloud.com/secure/c/m4a/64/c/2/9/5/a313-ae7d-4a6b-aa38-b962426e76f3.m4a?sig=-Zk1SUdDGrJuInmzUW-LTA
RONS	Podcast #533	/therealrons/rons-podcast-533/	mixcloud	https://stream\t#\t.mixcloud.com/secure/c/m4a/64/c/3/2/0/90b1-879b-4796-8ac8-cd1a0607d5d2.m4a?sig=N9bXnZcI56g3oimC-UA8MQ
RONS	Podcast #655	/therealrons/rons-podcast-655/	mixcloud	https://stream\t#\t.mixcloud.com/secure/c/m4a/64/c/3/8/9/ba0d-8103-4c20-b0b9-80397f8d4384.m4a?sig=vPZSo37tlvKbbPsYvnAxVg
RONS	Podcast #506	/therealrons/rons-podcast-506/	mixcloud	https://stream\t#\t.mixcloud.com/secure/c/m4a/64/c/3/f/d/4a88-c945-4eeb-afe6-a6396e17ebf7.m4a?sig=714ZPO-6zkyr4oF761b4hw
RONS	Podcast #514	/therealrons/rons-podcast-514/	mixcloud	https://stream\t#\t.mixcloud.com/secure/c/m4a/64/c/4/f/1/2f07-217f-4b8b-ad81-3c86b8aab624.m4a?sig=X1DdcsHPiRGpk0j5ge1IVA
RONS	Podcast #444	/therealrons/rons-podcast-444/	mixcloud	https://stream\t#\t.mixcloud.com/secure/c/m4a/64/c/6/f/d/d502-18b7-455a-8777-e8ff7575ef9a.m4a?sig=y76I-T_XM2udg4IensX9-w
RONS	Podcast #525	/therealrons/rons-podcast-525/	mixcloud	https://stream\t#\t.mixcloud.com/secure/c/m4a/64/c/7/3/5/2769-0c0e-464d-9274-239c734bf6f9.m4a?sig=6Mhro1A8znZUoVJqRZggFA
RONS	Podcast #683	/therealrons/rons-podcast-683/	mixcloud	https://stream\t#\t.mixcloud.com/secure/c/m4a/64/c/8/5/a/45f8-725f-4cd7-b64a-9398a88b5cc8.m4a?sig=faKm7JamMgTK0EXDnPSFuw
RONS	Podcast #363	/therealrons/rons-podcast-363/	mixcloud	https://stream\t#\t.mixcloud.com/secure/c/m4a/64/c/8/9/9/f8cc-759b-4b86-a9ce-5740f3282990.m4a?sig=wuYUFmxRD91qE9tTCBtwBg
RONS	Podcast #411	/therealrons/rons-podcast-411/	mixcloud	https://stream\t#\t.mixcloud.com/secure/c/m4a/64/c/8/a/a/ba5d-0010-4aef-9c9d-c425cf3d7ce4.m4a?sig=NYy9J-FVwNPhfb1pJUngkw
RONS	Podcast #384	/therealrons/rons-podcast-384/	mixcloud	https://stream\t#\t.mixcloud.com/secure/c/m4a/64/c/8/c/9/ff25-37a9-4172-9f16-d2287a6d7f58.m4a?sig=A8OBVg9HM-iHggm82DGA-w
RONS	Podcast #669	/therealrons/rons-podcast-669/	mixcloud	https://stream\t#\t.mixcloud.com/secure/c/m4a/64/c/9/4/8/cc29-1683-433f-817c-45b9896783a5.m4a?sig=thxB4QRtPhL3t0c6ies0AQ
RONS	Podcast #602	/therealrons/rons-podcast-602/	mixcloud	https://stream\t#\t.mixcloud.com/secure/c/m4a/64/c/b/6/b/89aa-8f09-424e-93a8-e53e5d98ae1a.m4a?sig=Y4nW3mcT-9IOhXCtFapLRQ
RONS	Podcast #387	/therealrons/rons-podcast-387/	mixcloud	https://stream\t#\t.mixcloud.com/secure/c/m4a/64/c/b/a/0/a0de-bf7d-4a25-8e89-d59a28514088.m4a?sig=WYXmghH8yAKCAavllgbmPw
RONS	Podcast #670	/therealrons/rons-podcast-670/	mixcloud	https://stream\t#\t.mixcloud.com/secure/c/m4a/64/c/b/a/6/d5c5-1cd6-47e6-9d6a-f1caccc4e41f.m4a?sig=JVumu8Cf3IU9nKKWEN7YKw
RONS	Podcast #639	/therealrons/rons-podcast-639/	mixcloud	https://stream\t#\t.mixcloud.com/secure/c/m4a/64/c/b/f/6/79db-cbd3-4b7a-916c-5259389439a5.m4a?sig=OQD6hU4zYlEpGM8_diH9FA
RONS	Podcast #355	/therealrons/rons-podcast-355/	mixcloud	https://stream\t#\t.mixcloud.com/secure/c/m4a/64/c/c/5/1/97bc-d23b-4a79-9465-2511e067ee1b.m4a?sig=3sCDDx0Kh4odZVIBHy12_w
RONS	Podcast #727	/therealrons/rons-podcast-727/	mixcloud	https://stream\t#\t.mixcloud.com/secure/c/m4a/64/c/e/9/f/ddcd-a0b6-47a0-8cfc-bbf75c19b637.m4a?sig=8RzmGWZZ0gJgEF_69wLDQQ
RONS	Podcast #512	/therealrons/rons-podcast-512/	mixcloud	https://stream\t#\t.mixcloud.com/secure/c/m4a/64/c/e/f/f/c725-09c1-4286-bf98-b7d382d63d9e.m4a?sig=VKI7qjcvDyZ9Rn-aVsS5KQ
RONS	Podcast #588	/therealrons/rons-podcast-588/	mixcloud	https://stream\t#\t.mixcloud.com/secure/c/m4a/64/c/f/a/2/ee16-8a0d-435f-9d93-21d7768dec7c.m4a?sig=ib1P74DLKluBgNV0w-P7EA
RONS	Podcast #345	/therealrons/rons-podcast-345/	mixcloud	https://stream\t#\t.mixcloud.com/secure/c/m4a/64/d/1/1/a/4826-d1d4-4dac-a7ae-35098d7d5864.m4a?sig=Z20iTop4pazTbrAcG2-2Jg
RONS	Podcast #542	/therealrons/rons-podcast-542/	mixcloud	https://stream\t#\t.mixcloud.com/secure/c/m4a/64/d/1/1/f/3a83-a478-4ad0-b272-7416ce6c8bd8.m4a?sig=DK53LmUpzU04nQ62GqLXNA
RONS	Podcast #550	/therealrons/rons-podcast-550/	mixcloud	https://stream\t#\t.mixcloud.com/secure/c/m4a/64/d/3/b/9/c5ae-578c-4853-a1b1-d435738c10e9.m4a?sig=W-xcqGSR10v0A9ta6uuYtA
RONS	Podcast #424	/therealrons/rons-podcast-424/	mixcloud	https://stream\t#\t.mixcloud.com/secure/c/m4a/64/d/5/5/f/3696-4b58-49da-96ba-3726f162763b.m4a?sig=xHLui5FmUwXUaR3oMDrI4w
RONS	Podcast #425	/therealrons/rons-podcast-425/	mixcloud	https://stream\t#\t.mixcloud.com/secure/c/m4a/64/d/5/f/6/2b17-4358-474c-be6c-73e165c4a7a1.m4a?sig=V_4czyxFazpEkYhW4KJ91g
RONS	Podcast #667	/therealrons/rons-podcast-667/	mixcloud	https://stream\t#\t.mixcloud.com/secure/c/m4a/64/d/6/6/4/43f5-353f-4455-996a-95253ab513f4.m4a?sig=aXRxpdm4JXbQOmhyAKu1CA
RONS	Podcast #501	/therealrons/rons-podcast-501/	mixcloud	https://stream\t#\t.mixcloud.com/secure/c/m4a/64/d/6/f/c/f5db-fbc2-4ddb-a69a-c705c7f38857.m4a?sig=U7WqyGdEPPMbWnTJQlohyg
Liquid DnB Mix	Vol 62 - Truth Hurts	/Dj-Mighty-DnB/liquid-dnb-mix-vol-62-truth-hurts/	mixcloud	https://stream\t#\t.mixcloud.com/secure/c/m4a/64/d/8/9/f/1db4-0312-4008-94a0-799b92bd07e2.m4a?sig=ZrPhaZLlu8n-nYuHCOzvUQ
RONS	Podcast #482	/therealrons/rons-podcast-482/	mixcloud	https://stream\t#\t.mixcloud.com/secure/c/m4a/64/d/9/6/f/b458-f127-4acd-9724-45f4c158d2f6.m4a?sig=lLlYfhuXckQb5mGc5u53NA
RONS	Podcast #396	/therealrons/rons-podcast-396/	mixcloud	https://stream\t#\t.mixcloud.com/secure/c/m4a/64/d/a/5/6/906e-238e-425f-8c68-953152b4e453.m4a?sig=2-rF8ADylYe2OxOR_8tg8w
RONS	Podcast #414	/therealrons/rons-podcast-414/	mixcloud	https://stream\t#\t.mixcloud.com/secure/c/m4a/64/d/a/e/c/a6e4-57e0-413a-90ef-4ed0034e0047.m4a?sig=mjzDkrI8s9dXjxKWj-3lqQ
RONS	Podcast #553	/therealrons/rons-podcast-553/	mixcloud	https://stream\t#\t.mixcloud.com/secure/c/m4a/64/d/b/7/0/d261-f250-4a91-b77f-7aea79601fcb.m4a?sig=RQmhnM_vM2YdMYQ6cenaxg
RONS	Podcast #554	/therealrons/rons-podcast-554/	mixcloud	https://stream\t#\t.mixcloud.com/secure/c/m4a/64/d/c/e/a/d75c-d595-493e-a068-2f1eb0b7e6ba.m4a?sig=ZzTFtgmWBpVaxPZE1FhT0w
RONS	Podcast #428	/therealrons/rons-podcast-428/	mixcloud	https://stream\t#\t.mixcloud.com/secure/c/m4a/64/d/d/a/1/4306-fd5f-4141-8ffa-537ee7f04b34.m4a?sig=v1oXaXM2__l9dwuVvAam_A
RONS	Podcast #437	/therealrons/rons-podcast-437/	mixcloud	https://stream\t#\t.mixcloud.com/secure/c/m4a/64/d/e/7/7/3214-20a1-4874-9c22-986f078b40cb.m4a?sig=1KDm-YDXjPp33yhovKbucA
RONS	Podcast #706	/therealrons/rons-podcast-706/	mixcloud	https://stream\t#\t.mixcloud.com/secure/c/m4a/64/d/f/7/b/5bfd-8f99-47e8-8dc4-541f3509f9e5.m4a?sig=1morBhdVIVApy_rsoky_IA
RONS	Podcast #513	/therealrons/rons-podcast-513/	mixcloud	https://stream\t#\t.mixcloud.com/secure/c/m4a/64/e/0/4/d/95d6-6352-4d34-b266-0e72c5085412.m4a?sig=atej_mOSs0PHrUwu0R6LPA
Frankie 3000	Disco Fever & Grooves - Volume 2	/FrankAndreasen/disco-fever-grooves-volume-2/	mixcloud	https://stream\t#\t.mixcloud.com/secure/c/m4a/64/e/0/e/3/dded-ae3f-4daa-a5ba-a475dc2bf0bc.m4a?sig=d5fCJFgJ3a1-ixyT3b05Ug
RONS	Podcast #357	/therealrons/rons-podcast-357/	mixcloud	https://stream\t#\t.mixcloud.com/secure/c/m4a/64/e/2/c/1/5c83-3317-42f4-a383-6a15161b84b0.m4a?sig=b0kbWQJ9r99e0ViW2U7snw
RONS	Podcast #666	/therealrons/rons-podcast-666/	mixcloud	https://stream\t#\t.mixcloud.com/secure/c/m4a/64/e/2/f/b/855a-3e76-480f-9e59-b9b425dfe97a.m4a?sig=nTnTRLQDzQT0dwPPtPzWTA
RONS	Podcast #605	/therealrons/rons-podcast-605/	mixcloud	https://stream\t#\t.mixcloud.com/secure/c/m4a/64/e/3/f/1/edc8-612b-4c6e-9b0b-fc190140df88.m4a?sig=FfvrMid4EuY9VV6JQ7Chwg
RONS	Podcast #394	/therealrons/rons-podcast-394/	mixcloud	https://stream\t#\t.mixcloud.com/secure/c/m4a/64/e/5/5/0/110d-ec45-48cb-af56-f26096696107.m4a?sig=aXDeSPLooFZQSuVBir9Few
RONS	Podcast #596	/therealrons/rons-podcast-596/	mixcloud	https://stream\t#\t.mixcloud.com/secure/c/m4a/64/e/6/e/7/14cf-86d0-4f16-ab37-a6adffd3d630.m4a?sig=kcy4j2SwmTsIWYFSvK7KOA
Frankie 3000	Best Of DEEP HOUSE 8	/FrankAndreasen/best-of-deep-house-8/	mixcloud	https://stream\t#\t.mixcloud.com/secure/c/m4a/64/e/7/4/0/1df2-366a-4b4d-866b-f218832ee007.m4a?sig=fpTUwpPfkq6LZIG45JHLcw
RONS	Podcast #604	/therealrons/rons-podcast-604/	mixcloud	https://stream\t#\t.mixcloud.com/secure/c/m4a/64/e/7/9/6/a2a8-2bbc-47fa-8eb6-1a4492e75d9c.m4a?sig=CmK87E33EUYYqKzK_HfMJw
RONS	Podcast #636	/therealrons/rons-podcast-636/	mixcloud	https://stream\t#\t.mixcloud.com/secure/c/m4a/64/e/7/9/c/2c3e-b8cd-4fab-94ef-56357458aaec.m4a?sig=YOpqn4xUwWm2oncMpSO5rQ
RONS	Podcast #620	/therealrons/rons-podcast-620/	mixcloud	https://stream\t#\t.mixcloud.com/secure/c/m4a/64/e/7/c/f/f704-1717-4913-ae9a-709ce9454d54.m4a?sig=PQir4OM4IMD9MU77p7Yrmw
RONS	Podcast #530	/therealrons/rons-podcast-530/	mixcloud	https://stream\t#\t.mixcloud.com/secure/c/m4a/64/e/7/f/5/afac-66ac-4ec1-b0a6-f4ead255e017.m4a?sig=cB5UsCBgjqqGgQnYqjplwA
RONS	Podcast #665	/therealrons/rons-podcast-665/	mixcloud	https://stream\t#\t.mixcloud.com/secure/c/m4a/64/e/8/5/4/0c9c-c705-4fe0-8da9-2f70182a5d78.m4a?sig=VjysXI9NnGdAeXS2BjUcjw
RONS	Podcast #590	/therealrons/rons-podcast-590/	mixcloud	https://stream\t#\t.mixcloud.com/secure/c/m4a/64/e/8/a/3/be1a-65af-4b65-83af-392e19be7b73.m4a?sig=B9FGNhTsW-Fu4Lev6eaP7A
RONS	Podcast #346	/therealrons/rons-podcast-346/	mixcloud	https://stream\t#\t.mixcloud.com/secure/c/m4a/64/e/8/b/c/a955-5b5d-435e-bbf1-21050c7c3287.m4a?sig=MF7DMqosEY1sjPTklnf39A
RONS	Podcast #503	/therealrons/rons-podcast-503/	mixcloud	https://stream\t#\t.mixcloud.com/secure/c/m4a/64/e/8/d/0/1e60-e72e-4817-baf3-bfa0089cdc97.m4a?sig=lVfBnc5KA2VWxJlRaJgrcQ
RONS	Podcast #690	/therealrons/rons-podcast-690/	mixcloud	https://stream\t#\t.mixcloud.com/secure/c/m4a/64/e/8/d/b/2211-a568-4f6f-bcc4-36ffd5391ab7.m4a?sig=cgaKOFZaG38GQQoX39Nm-Q
RONS	Podcast #510	/therealrons/rons-podcast-510/	mixcloud	https://stream\t#\t.mixcloud.com/secure/c/m4a/64/e/9/2/3/189a-429d-45c5-b9be-2dbd42cb1a0c.m4a?sig=XuLGcAojXLcS-Kv4HArTHQ
RONS	Podcast #575	/therealrons/rons-podcast-575/	mixcloud	https://stream\t#\t.mixcloud.com/secure/c/m4a/64/e/9/8/2/d99a-57e7-47d2-8511-3ebaadd44a7e.m4a?sig=oryo-MnGg5TSpxIn9NdoGw
RONS	Podcast #566	/therealrons/rons-podcast-566/	mixcloud	https://stream\t#\t.mixcloud.com/secure/c/m4a/64/e/a/0/4/bfab-1ddd-4852-b2c6-40137745243d.m4a?sig=QytjzEbNqn89cbuZ82WOtQ
RONS	Podcast #494	/therealrons/rons-podcast-494/	mixcloud	https://stream\t#\t.mixcloud.com/secure/c/m4a/64/e/b/a/7/ba67-316e-4010-8dde-4d2062a15e71.m4a?sig=xI2Y33bAYrLqlL6tSlfc3Q
RONS	Podcast #685	/therealrons/rons-podcast-685/	mixcloud	https://stream\t#\t.mixcloud.com/secure/c/m4a/64/e/c/e/a/2d4f-db30-4a37-b4bd-a860be8222b6.m4a?sig=Uw1xF_p4RCmB2jpJRFftHw
RONS	Podcast #694	/therealrons/rons-podcast-694/	mixcloud	https://stream\t#\t.mixcloud.com/secure/c/m4a/64/e/d/3/d/d6f2-11dd-4503-a84b-8aee3f76bfb4.m4a?sig=6yBfvwKvDErGG1GbwCX4cQ
RONS	Podcast #541	/therealrons/rons-podcast-541/	mixcloud	https://stream\t#\t.mixcloud.com/secure/c/m4a/64/e/d/7/3/b24b-a3fa-4dca-956f-5dd4f54bb29b.m4a?sig=YVdmNsXXs6oIx9LyZMn1Mg
RONS	Podcast #509	/therealrons/rons-podcast-509/	mixcloud	https://stream\t#\t.mixcloud.com/secure/c/m4a/64/e/d/a/9/8181-03e1-4aec-883e-360748e56953.m4a?sig=u_ru3Kwng2wBSP1mYw45ww
RONS	Podcast #398	/therealrons/rons-podcast-398/	mixcloud	https://stream\t#\t.mixcloud.com/secure/c/m4a/64/e/e/1/e/a76a-cf9d-489a-a181-16ff7ceb251c.m4a?sig=mi_Cju4n4h-J2pdVHELWFg
RONS	Podcast #577	/therealrons/rons-podcast-577/	mixcloud	https://stream\t#\t.mixcloud.com/secure/c/m4a/64/e/f/1/f/afa4-6a88-4611-be61-bbff05bfc74f.m4a?sig=6fQHIXMP5o7uiYGC4xnuNg
RONS	Podcast #386	/therealrons/rons-podcast-386/	mixcloud	https://stream\t#\t.mixcloud.com/secure/c/m4a/64/e/f/3/8/99b2-74e4-401e-82b3-41c33fe47d64.m4a?sig=LchzWsflfvXwhDUWnU3s6Q
RONS	Podcast #448	/therealrons/rons-podcast-448/	mixcloud	https://stream\t#\t.mixcloud.com/secure/c/m4a/64/e/f/5/9/5a5a-c470-45e4-b39b-23341b3d277a.m4a?sig=33VmIIVC0Ner50IHIopMow
RONS	Podcast #647	/therealrons/rons-podcast-647/	mixcloud	https://stream\t#\t.mixcloud.com/secure/c/m4a/64/e/f/5/e/fd8b-57ac-4fb6-8a44-fbec667ac928.m4a?sig=pQVmXfLh059jbHbPEv1Mcw
RONS	Podcast #359	/therealrons/rons-podcast-359/	mixcloud	https://stream\t#\t.mixcloud.com/secure/c/m4a/64/e/f/8/7/ec0d-600a-4628-b2b2-24e29e43d71a.m4a?sig=AvWKlJ90wtXCfdlJWAM6xQ
RONS	Podcast #600	/therealrons/rons-podcast-600/	mixcloud	https://stream\t#\t.mixcloud.com/secure/c/m4a/64/e/f/b/d/b693-feab-4d9e-a7aa-90d301b95bc4.m4a?sig=PkvSZC4dfRI_8y-JDv1o4A
RONS	Podcast #460	/therealrons/rons-podcast-460/	mixcloud	https://stream\t#\t.mixcloud.com/secure/c/m4a/64/e/f/c/f/a9be-5972-4668-b28f-d36485916b6d.m4a?sig=1QJ-lBEeT_zeP-x2vVz3OQ
RONS	Podcast #646	/therealrons/rons-podcast-646/	mixcloud	https://stream\t#\t.mixcloud.com/secure/c/m4a/64/e/f/e/a/2ffc-fbaf-4ecb-af9d-8d0d4cba0071.m4a?sig=YZ02pH42bpvFAImGV9xOdw
RONS	Podcast #473	/therealrons/rons-podcast-473/	mixcloud	https://stream\t#\t.mixcloud.com/secure/c/m4a/64/f/0/3/2/d337-580e-4cf6-bbe9-74c0d542173f.m4a?sig=X5DBTzr53I7t32F0pruYog
RONS	Podcast #505	/therealrons/rons-podcast-505/	mixcloud	https://stream\t#\t.mixcloud.com/secure/c/m4a/64/f/0/8/5/01db-38a0-4d0e-bfda-fefdb8ba66cd.m4a?sig=eWXArGd7ikml0JBdd0mNFg
RONS	Podcast #344	/therealrons/rons-podcast-344/	mixcloud	https://stream\t#\t.mixcloud.com/secure/c/m4a/64/f/1/4/7/c1c3-8842-4f26-a588-f48b54cb51f9.m4a?sig=g_n_Qz3xITa2ZE0o0t5RIA
Frankie 3000	Disclosure Megamix 2016	/FrankAndreasen/disclosure-megamix-2016/	mixcloud	https://stream\t#\t.mixcloud.com/secure/c/m4a/64/f/1/4/9/6eee-e315-4056-9e7c-c62c23f20192.m4a?sig=4hMIR8VjXj0bAndpP_a8GQ
RONS	Podcast #601	/therealrons/rons-podcast-601/	mixcloud	https://stream\t#\t.mixcloud.com/secure/c/m4a/64/f/1/d/1/f703-6c2f-4be1-a97b-38ab7414b249.m4a?sig=-6hX7JSF9nqp8ivMTDqObQ
RONS	Podcast #440	/therealrons/rons-podcast-440/	mixcloud	https://stream\t#\t.mixcloud.com/secure/c/m4a/64/f/2/3/6/c72f-311c-4351-ac53-a0861ab8aebe.m4a?sig=CqrmWOAqRwMI_Xq7XugtbA
RONS	Podcast #456	/therealrons/rons-podcast-456/	mixcloud	https://stream\t#\t.mixcloud.com/secure/c/m4a/64/f/4/1/a/e6ae-a24a-4b44-9b08-df60ae18cf0b.m4a?sig=t1xoArAYgDzJ6vJVVe136A
RONS	Podcast #680	/therealrons/rons-podcast-680/	mixcloud	https://stream\t#\t.mixcloud.com/secure/c/m4a/64/f/4/4/2/6c9a-4a1c-4934-8884-cc8d03413611.m4a?sig=QhqX5EIpNZQnYUoN7KDRmQ
RONS	Podcast #676	/therealrons/rons-podcast-676/	mixcloud	https://stream\t#\t.mixcloud.com/secure/c/m4a/64/f/4/e/3/29e3-a6ab-41ba-84a4-c39984eeaaae.m4a?sig=S2VhdY2v8JSqdkF7GDh28A
Lys_	LysOctober2Mix2019.mp3	/Lys_/lys-october2mix2019mp3/	mixcloud	https://stream\t#\t.mixcloud.com/secure/c/m4a/64/f/5/1/e/5676-dead-4e6b-8de0-3ba8b35c1990.m4a?sig=6GRhB9sDe9LVoLOr4NstZQ
RONS	Podcast #376	/therealrons/rons-podcast-376/	mixcloud	https://stream\t#\t.mixcloud.com/secure/c/m4a/64/f/5/a/e/189c-e41a-4cbe-a57a-71eda3c6efa8.m4a?sig=9e0_9NBeb1Eh89znsaRIKg
RONS	Podcast #455	/therealrons/rons-podcast-455/	mixcloud	https://stream\t#\t.mixcloud.com/secure/c/m4a/64/f/5/b/0/71a6-1b30-4895-889a-ecf0a9300707.m4a?sig=gFDU34ALfSboj_eHv0nSDQ
RONS	Podcast #568	/therealrons/rons-podcast-568/	mixcloud	https://stream\t#\t.mixcloud.com/secure/c/m4a/64/f/5/d/6/119b-0b8c-474b-b626-224b5d51fcdf.m4a?sig=RGlInV3WuL2qlM2YdTU0uA
RONS	Podcast #623	/therealrons/rons-podcast-623/	mixcloud	https://stream\t#\t.mixcloud.com/secure/c/m4a/64/f/7/5/b/5f1a-1666-473c-b480-84203ca29959.m4a?sig=ciphR14nisz_ZVqCQCeFIw
Frankie 3000	Taylor Swift Megamix 2018	/FrankAndreasen/taylor-swift-megamix-2018/	mixcloud	https://stream\t#\t.mixcloud.com/secure/c/m4a/64/f/8/9/f/5bb7-94d3-4fe8-b8cb-68692345c3bc.m4a?sig=SMPEmh55KGcGqW8of--Otg
RONS	Podcast #583	/therealrons/rons-podcast-584/	mixcloud	https://stream\t#\t.mixcloud.com/secure/c/m4a/64/f/9/1/a/9776-5035-4847-b245-5950b2752280.m4a?sig=bUPDxXuB_XOqJcu0KwswxA
RONS	Podcast #370	/therealrons/rons-podcast-370/	mixcloud	https://stream\t#\t.mixcloud.com/secure/c/m4a/64/f/9/2/5/4ee0-ba0f-4047-a61c-5a2de3a6601a.m4a?sig=ptlR5BQ0ErxGWFBo1yA0Ag
RONS	Podcast #651	/therealrons/rons-podcast-651/	mixcloud	https://stream\t#\t.mixcloud.com/secure/c/m4a/64/f/9/9/1/cdcc-979a-4a99-92d3-4379a3b43d43.m4a?sig=CCFjPc_HyNmv01mCT7JcMQ
RONS	Podcast #648	/therealrons/rons-podcast-648/	mixcloud	https://stream\t#\t.mixcloud.com/secure/c/m4a/64/f/9/d/1/a7a3-21c8-455b-9818-dc778581900a.m4a?sig=csjfkTFSxdcDZj6Y7CjYaw
RONS	Podcast #632	/therealrons/rons-podcast-632/	mixcloud	https://stream\t#\t.mixcloud.com/secure/c/m4a/64/f/a/6/d/406a-4217-46df-b3be-270a1018ffd3.m4a?sig=F3GTIHByLEVdC27AmfjCMA
RONS	Podcast #360	/therealrons/rons-podcast-360/	mixcloud	https://stream\t#\t.mixcloud.com/secure/c/m4a/64/f/b/2/6/bcad-a8b0-455f-8ba6-761152e070d8.m4a?sig=NoJNRyvST7lK6diDkIq98A
RONS	Podcast #462	/therealrons/rons-podcast-462/	mixcloud	https://stream\t#\t.mixcloud.com/secure/c/m4a/64/f/c/7/a/cd88-1183-423c-8107-c4d7a7a2c462.m4a?sig=858c9JWF8-mvGZfgVfZadw
RONS	Podcast #609	/therealrons/rons-podcast-609/	mixcloud	https://stream\t#\t.mixcloud.com/secure/c/m4a/64/f/d/4/d/8ae8-fca6-4841-9573-f0fa37e32ae4.m4a?sig=YerAGKtD7SedJ9QqlCLaEQ
Liquid DnB Mix	Vol 64 - The Inevitable	/Dj-Mighty-DnB/liquid-dnb-mix-vol-64-the-inevitable/	mixcloud	https://stream\t#\t.mixcloud.com/secure/c/m4a/64/f/d/d/f/647f-b957-4130-89ba-1986359740c6.m4a?sig=fY4l5Rmdr6RUxaoSKa7mWw
RONS	Podcast #347	/therealrons/rons-podcast-347/	mixcloud	https://stream\t#\t.mixcloud.com/secure/c/m4a/64/f/e/2/c/4736-6cec-4231-bfcf-822f43e21b5d.m4a?sig=Ahqk49IqzdUpsrsmXd7aKA
RONS	Podcast #649	/therealrons/rons-podcast-649/	mixcloud	https://stream\t#\t.mixcloud.com/secure/c/m4a/64/f/e/e/b/5662-7852-4a12-a9ab-901f57ba5d1b.m4a?sig=AHR-FLDIkY0JNjWr3wf70Q
RONS	Podcast #573	/therealrons/rons-podcast-573/	mixcloud	https://stream\t#\t.mixcloud.com/secure/c/m4a/64/f/f/f/3/2115-30cb-4ee2-bb85-6475954ceaf0.m4a?sig=Hu-kF0sKGS6jh_JOaTbY6Q
RONS	Podcast #745	/therealrons/rons-podcast-745/	mixcloud	https://stream\t#\tmixcloud.com/secure/c/m4a/64/3/5/7/6/2ba7-9a66-4399-bdac-0d6776c5bdff.m4a?sig=N2HS6Ep4_W43pB7gFunufA
Hudson921	2000s 2010s mix 2323	/Hudson921/2000s-2010s-mix-2323/	mixcloud	
scotty fox	clarity	/scotty-fox/clarity/	mixcloud	
scotty fox	friends of tom	/scotty-fox/friends-of-tom/	mixcloud	
scotty fox	grad mix 2021	/scotty-fox/grad-mix-2021/	mixcloud	
scotty fox	occupational therapy	/scotty-fox/occupational-therapy/	mixcloud	
scotty fox	pumpkin spice season 2 never too latte	/scotty-fox/pumpkin-spice-season-2-never-too-latte/	mixcloud	
scotty fox	songs you might hear at a supermarket	/scotty-fox/songs-you-might-hear-at-a-supermarket/	mixcloud	
scotty fox	the rhythm of the night	/scotty-fox/the-rhythm-of-the-night/	mixcloud	
Frankie 3000	2020 Dance Vibes remix	/FrankAndreasen/2020-dance-vibes-remix/	mixcloud	
Frankie 3000	80's - The Party mix	/FrankAndreasen/80s-the-party-mix/	mixcloud	
Frankie 3000	80s Mix - Part 1	/FrankAndreasen/80s-mix-part-1/	mixcloud	
Frankie 3000	80s Mix - Part 2	/FrankAndreasen/80s-mix-part-2/	mixcloud	
Frankie 3000	80s Mix - Part 3	/FrankAndreasen/80s-mix-part-3/	mixcloud	
Frankie 3000	80s Mix - Part 5	/FrankAndreasen/80s-mix-part-5/	mixcloud	
Frankie 3000	80s Mix - Part 6	/FrankAndreasen/80s-mix-part-6/	mixcloud	
Frankie 3000	90's Hits - The Best Of 90's vol. 1	/FrankAndreasen/90s-hits-the-best-of-90s-vol-1/	mixcloud	
Frankie 3000	90's Hits - The Best Of 90's vol. 10	/FrankAndreasen/90s-hits-the-best-of-90s-vol-10/	mixcloud	
Frankie 3000	90's Hits - The Best Of 90's vol. 11	/FrankAndreasen/90s-hits-the-best-of-90s-vol-11/	mixcloud	
Frankie 3000	90's Hits - The Best Of 90's vol. 2	/FrankAndreasen/90s-hits-the-best-of-90s-vol-2/	mixcloud	
Frankie 3000	90's Hits - The Best Of 90's vol. 5	/FrankAndreasen/90s-hits-the-best-of-90s-vol-5/	mixcloud	
Frankie 3000	90's Hits - The Best Of 90's vol. 6	/FrankAndreasen/90s-hits-the-best-of-90s-vol-6/	mixcloud	
Frankie 3000	90's Hits - The Best Of 90's vol. 7	/FrankAndreasen/90s-hits-the-best-of-90s-vol-7/	mixcloud	
Frankie 3000	90's Hits - The Best Of 90's vol. 8	/FrankAndreasen/90s-hits-the-best-of-90s-vol-8/	mixcloud	
Frankie 3000	90's Hits - The Best Of 90's vol. 9	/FrankAndreasen/90s-hits-the-best-of-90s-vol-9/	mixcloud	
Frankie 3000	90's Hits - The Best Of The 90's vol. 3	/FrankAndreasen/90s-hits-the-best-of-the-90s-vol-3/	mixcloud	
Frankie 3000	90s Hits - The Best Of 90's vol. 4	/FrankAndreasen/90s-hits-the-best-of-90s-vol-4/	mixcloud	
Frankie 3000	A Night at The Disco... in the 90's - volume 1	/FrankAndreasen/a-night-at-the-disco-in-the-90s-volume-1/	mixcloud	
Frankie 3000	Ariana Grande - Megamix 2019	/FrankAndreasen/ariana-grande-megamix-2019/	mixcloud	
Frankie 3000	Ariana Grande - The Dance Megamix 2018	/FrankAndreasen/ariana-grande-the-dance-megamix-2018/	mixcloud	
Frankie 3000	Armand Van Helden - Megamix 2019	/FrankAndreasen/armand-van-helden-megamix-2019/	mixcloud	
Frankie 3000	Avicii - Megamix 2019	/FrankAndreasen/avicii-megamix-2019/	mixcloud	
Frankie 3000	Becky Hill - Best of the Best	/FrankAndreasen/becky-hill-best-of-the-best/	mixcloud	
Frankie 3000	Best 0f 2015	/FrankAndreasen/best-0f-2015/	mixcloud	
Frankie 3000	Best Club Ever 1	/FrankAndreasen/old-school-house-anthems-1/	mixcloud	
Frankie 3000	Best Club Ever 2	/FrankAndreasen/old-school-house-anthems-2/	mixcloud	
Frankie 3000	Best Club Ever 3	/FrankAndreasen/old-school-house-anthems-3/	mixcloud	
Frankie 3000	Best Of 2016	/FrankAndreasen/best-of-2016/	mixcloud	
Frankie 3000	Best of 2018...so far	/FrankAndreasen/best-of-2018so-far/	mixcloud	
Frankie 3000	Best Of 2020 - The Year End mix	/FrankAndreasen/best-of-2020-the-year-end-mix/	mixcloud	
Frankie 3000	Best Of DEEP HOUSE 1	/FrankAndreasen/best-of-deep-house-1/	mixcloud	
Frankie 3000	Best of DEEP HOUSE 10	/FrankAndreasen/best-of-deep-house-10/	mixcloud	
Frankie 3000	Best Of DEEP HOUSE 2	/FrankAndreasen/best-of-deep-house-2/	mixcloud	
Frankie 3000	Best Of DEEP HOUSE 3	/FrankAndreasen/best-of-deep-house-3/	mixcloud	
Frankie 3000	Best Of DEEP HOUSE 4	/FrankAndreasen/best-of-deep-house-4/	mixcloud	
Frankie 3000	Best Of DEEP HOUSE 5	/FrankAndreasen/best-of-deep-house-5/	mixcloud	
Frankie 3000	Best Of DEEP HOUSE 6	/FrankAndreasen/best-of-deep-house-6/	mixcloud	
Frankie 3000	Best Of DEEP HOUSE 7	/FrankAndreasen/best-of-deep-house-7/	mixcloud	
Frankie 3000	Best Of DEEP HOUSE 9	/FrankAndreasen/best-of-deep-house-9/	mixcloud	
Frankie 3000	Bruno Mars - Megamix 2019	/FrankAndreasen/bruno-mars-megamix-2019/	mixcloud	
Frankie 3000	Bruno Mars - The Dance Megamix 2018	/FrankAndreasen/bruno-mars-the-dance-megamix-2018/	mixcloud	
Frankie 3000	Bruno Mars - The Fan Mix	/FrankAndreasen/bruno-mars-the-fan-mix/	mixcloud	
Frankie 3000	Bruno Mars Funk mix 2017	/FrankAndreasen/bruno-mars-funk-mix-2017/	mixcloud	
Frankie 3000	Bruno Mars Megamix 2016	/FrankAndreasen/bruno-mars-megamix-2016/	mixcloud	
Frankie 3000	Calvin Harris - Megamix 2019	/FrankAndreasen/calvin-harris-megamix-2019/	mixcloud	
Frankie 3000	Calvin Harris - The 2019 Re-Re-Remix	/FrankAndreasen/calvin-harris-the-2019-re-re-remix/	mixcloud	
Frankie 3000	Calvin Harris - The Dance Megamix 2018	/FrankAndreasen/calvin-harris-the-dance-megamix-2018/	mixcloud	
Frankie 3000	Calvin Harris - The Favorite remix 2020	/FrankAndreasen/calvin-harris-the-favorite-remix-2020/	mixcloud	
Frankie 3000	Calvin Harris - The Summer remix	/FrankAndreasen/calvin-harris-the-summer-remix/	mixcloud	
Frankie 3000	Calvin Harris Megamix 2016	/FrankAndreasen/calvin-harris-megamix-2016/	mixcloud	
Frankie 3000	Calvin Harris Megamix 2017	/FrankAndreasen/calvin-harris-megamix-2017/	mixcloud	
Frankie 3000	Calvin Harris Megamix 2018	/FrankAndreasen/calvin-harris-megamix-2018/	mixcloud	
Frankie 3000	Christmas Time - The best of Christmas songs	/FrankAndreasen/christmas-time-the-best-of-christmas-songs/	mixcloud	
Frankie 3000	Clean Bandit - Megamix 2019 (The Club mixes)	/FrankAndreasen/clean-bandit-megamix-2019-the-club-mixes/	mixcloud	
Frankie 3000	Club And Dance Vibes Autumn 2022	/FrankAndreasen/club-and-dance-vibes-autumn-2022/	mixcloud	
Frankie 3000	Club Classics - The best Dance Anthems from the 80's & 90's	/FrankAndreasen/club-classics-the-best-dance-anthems-from-the-80s-90s/	mixcloud	
Frankie 3000	Club Classics - The EURO DANCE remix	/FrankAndreasen/club-classics-the-euro-dance-remix/	mixcloud	
Frankie 3000	Club Classics - The Sound Of Now remix	/FrankAndreasen/club-classics-the-sound-of-now-remix/	mixcloud	
Frankie 3000	Club Hits - June 2021	/FrankAndreasen/club-hits-june-2021/	mixcloud	
Frankie 3000	Club Hits - May 2021	/FrankAndreasen/club-hits-may-2021/	mixcloud	
Frankie 3000	Club Vacation - The Club Scene Spring 2023	/FrankAndreasen/club-vacation-the-club-scene-spring-2023/	mixcloud	
Frankie 3000	Club Vibes (the November 2018 session)	/FrankAndreasen/club-vibes-the-november-2018-session/	mixcloud	
Frankie 3000	Club Vibes - 2022 part 1	/FrankAndreasen/club-vibes-2022-part-1/	mixcloud	
Frankie 3000	Club Vibes 2022 - part2	/FrankAndreasen/club-vibes-2022-part2/	mixcloud	
Frankie 3000	Country Pop - Volume 2	/FrankAndreasen/country-pop-volume-2/	mixcloud	
Frankie 3000	Country Pop - Volume 3	/FrankAndreasen/country-pop-volume-3/	mixcloud	
Frankie 3000	Dance Vibes - The Best of 2020	/FrankAndreasen/dance-vibes-the-best-of-2020/	mixcloud	
Frankie 3000	Dance Vibes - The Best Of 2022	/FrankAndreasen/dance-vibes-the-best-of-2022/	mixcloud	
Frankie 3000	Dance Vibes 2018	/FrankAndreasen/dance-vibes-2018/	mixcloud	
Frankie 3000	Dance Vibes 2019 (the 1st)	/FrankAndreasen/dance-vibes-2019-the-1st/	mixcloud	
Frankie 3000	Dance Vibes 2019 (the 2nd)	/FrankAndreasen/dance-vibes-2019-the-2nd/	mixcloud	
Frankie 3000	Dance Vibes Party Mix - Autumn 2020	/FrankAndreasen/dance-vibes-party-mix-autumn-2020/	mixcloud	
Frankie 3000	Dance Vibes Remix - December 2019	/FrankAndreasen/dance-vibes-remix-december-2019/	mixcloud	
Frankie 3000	Dance Vibes Remix - Something For The Weekend	/FrankAndreasen/dance-vibes-remix-something-for-the-weekend/	mixcloud	
Frankie 3000	Dance Vibes remix - Spring 2020	/FrankAndreasen/dance-vibes-remix-spring-2020/	mixcloud	
Frankie 3000	Dance Vibes Remix 2019 (October)	/FrankAndreasen/dance-vibes-remix-2019-october/	mixcloud	
Frankie 3000	David Guetta - Megamix 2019	/FrankAndreasen/david-guetta-megamix-2019/	mixcloud	
Frankie 3000	Depeche Mode - The Fan remix	/FrankAndreasen/depeche-mode-the-fan-remix/	mixcloud	
Frankie 3000	Depeche Mode - The Retro mix (81-90)	/FrankAndreasen/depeche-mode-the-retro-mix-81-90/	mixcloud	
Frankie 3000	Disclosure Megamix - 2018	/FrankAndreasen/disclosure-megamix-2018/	mixcloud	
Frankie 3000	DISCO CLASSICS - the ultimate disco party mix	/FrankAndreasen/disco-classics-the-ultimate-disco-party-mix/	mixcloud	
Frankie 3000	Disco Fever & Grooves - Volume 1	/FrankAndreasen/disco-fever-grooves-volume-1/	mixcloud	
Frankie 3000	Disco House - Summer 2019	/FrankAndreasen/disco-house-summer-2019/	mixcloud	
Frankie 3000	Disco House remix - The Best Of 2019	/FrankAndreasen/disco-house-remix-the-best-of-2019/	mixcloud	
Frankie 3000	DJ Julemand - julens bedste	/FrankAndreasen/dj-julemand-julens-bedste/	mixcloud	
Frankie 3000	Drake Megamix 2018	/FrankAndreasen/drake-megamix-2018/	mixcloud	
Frankie 3000	Drum N Bass Megamix	/FrankAndreasen/drum-n-bass-megamix/	mixcloud	
Frankie 3000	Dua Lipa - The Dance remix	/FrankAndreasen/dua-lipa-the-dance-remix/	mixcloud	
Frankie 3000	Dua Lipa - The Fan mix	/FrankAndreasen/dua-lipa-the-fan-mix/	mixcloud	
Frankie 3000	Ed Sheeran - Megamix 2019	/FrankAndreasen/ed-sheeran-megamix-2019/	mixcloud	
Frankie 3000	Ed Sheeran - The Dance remix 2019	/FrankAndreasen/ed-sheeran-the-dance-remix-2019/	mixcloud	
Frankie 3000	Ed Sheeran Megamix 2017	/FrankAndreasen/ed-sheeran-megamix-2017/	mixcloud	
Frankie 3000	Eminem Megamix 2018	/FrankAndreasen/eminem-megamix/	mixcloud	
Frankie 3000	Erasure - The Fan remix	/FrankAndreasen/erasure-the-fan-remix/	mixcloud	
Frankie 3000	Faithless - Back To The Past Redrum mix	/FrankAndreasen/faithless-2022-club-mix/	mixcloud	
Frankie 3000	Faithless Megamix	/FrankAndreasen/faithless-megamix/	mixcloud	
Frankie 3000	Flo Rida - Megamix 2018	/FrankAndreasen/flo-rida-megamix-2018/	mixcloud	
Frankie 3000	Funky House (Session 1)....Club Classics	/FrankAndreasen/funkyhouse-session-1club-classics/	mixcloud	
Frankie 3000	Gorgon City - The Dance Remix 2019	/FrankAndreasen/gorgon-city-the-dance-remix-2019/	mixcloud	
Frankie 3000	High Energy - The Best Club Classics (Early to mid 90's)	/FrankAndreasen/high-energy-the-best-club-classics-early-to-mid-90s/	mixcloud	
Frankie 3000	Hip Hop 2 The Pop - The Bass Boosted Anthems	/FrankAndreasen/hip-hop-2-the-pop-the-bass-boosted-anthems/	mixcloud	
Frankie 3000	Hot Summer Vibes	/FrankAndreasen/hot-summer-vibes/	mixcloud	
Frankie 3000	House Classics - Happy House Tunes mix	/FrankAndreasen/house-classics-happy-house-tunes-mix/	mixcloud	
Frankie 3000	House Classics - The Old School House (The Euro Dance anthems)	/FrankAndreasen/house-classics-the-old-school-house-the-euro-dance-anthems/	mixcloud	
Frankie 3000	House Classics - The Old School House (The Late 80's)	/FrankAndreasen/house-classics-the-old-school-house-the-late-80s/	mixcloud	
Frankie 3000	I Love House Music - April 2019	/FrankAndreasen/i-love-house-music-april-2019/	mixcloud	
Frankie 3000	I Love House Music - March 2019	/FrankAndreasen/happy-house-tunes-2019/	mixcloud	
Frankie 3000	I Wanna Rock - 1	/FrankAndreasen/i-wanna-rock-1/	mixcloud	
Frankie 3000	I Wanna Rock - 2	/FrankAndreasen/i-wanna-rock-2/	mixcloud	
Frankie 3000	It's WEEKEND - the Go Go mix	/FrankAndreasen/its-weekend-the-go-go-mix/	mixcloud	
Frankie 3000	Jax Jones - Best of the Best	/FrankAndreasen/jax-jones-best-of-the-best/	mixcloud	
Frankie 3000	Jax Jones - Megamix 2019	/FrankAndreasen/jax-jones-megamix-2019/	mixcloud	
Frankie 3000	Jax Jones Vs. Sigala Vs. Jonas Blue	/FrankAndreasen/jax-jones-vs-sigala-vs-jonas-blue/	mixcloud	
Frankie 3000	Jess Glynne - Megamix 2019	/FrankAndreasen/jess-glynne-megamix-2019/	mixcloud	
Frankie 3000	Joel Corry - Best of the Best	/FrankAndreasen/joel-corry-best-of-the-best/	mixcloud	
Frankie 3000	Joel Corry - Hits & Mixes	/FrankAndreasen/joel-corry-hits-mixes/	mixcloud	
Frankie 3000	Jonas Blue - Megamix 2019	/FrankAndreasen/jonas-blue-megamix-2019/	mixcloud	
Frankie 3000	Justin Bieber - The Fan mix	/FrankAndreasen/justin-bieber-the-fan-mix/	mixcloud	
Frankie 3000	Justin Timberlake Megamix 2018	/FrankAndreasen/justin-timberlake-megamix-2018/	mixcloud	
Frankie 3000	Katy Perry - Megamix 2018	/FrankAndreasen/katy-perry-megamix-2018/	mixcloud	
Frankie 3000	Katy Perry - The Dance Megamix 2018	/FrankAndreasen/katy-perry-the-dance-megamix-2018/	mixcloud	
Frankie 3000	Late Summer Deep House Megamix 2016	/FrankAndreasen/late-summer-deep-house-megamix-2016/	mixcloud	
Frankie 3000	Latino Party mix 1	/FrankAndreasen/latino-party-rhythms-mix-1/	mixcloud	
Frankie 3000	Latino Pop 2020	/FrankAndreasen/latino-pop-2020/	mixcloud	
Frankie 3000	Maroon 5 - The Fan mix	/FrankAndreasen/maroon-5-the-fan-mix/	mixcloud	
Frankie 3000	Maroon 5 Megamix 2018	/FrankAndreasen/maroon-5-megamix-2018/	mixcloud	
Frankie 3000	Martin Solveig - Megamix 2019	/FrankAndreasen/martin-solveig-megamix-2019/	mixcloud	
Frankie 3000	Michael Jackson & The Jacksons - The Fan mix	/FrankAndreasen/michael-jackson-the-jacksons-the-fan-mix/	mixcloud	
Frankie 3000	Michael Jackson - the Bad Thriller Off The Wall megamix	/FrankAndreasen/michael-jackson-the-bad-thriller-off-the-wall-megamix/	mixcloud	
Frankie 3000	New Order - The Greatest Hits mix	/FrankAndreasen/new-order-the-greatest-hits-mix/	mixcloud	
Frankie 3000	Old School Hip-Hop Classics 1	/FrankAndreasen/old-school-hip-hop-classics-1/	mixcloud	
Frankie 3000	OMD - Orchestral Manoeuvres In The Dark - The Greatest Hits mix	/FrankAndreasen/omd-orchestral-manoeuvres-in-the-dark-the-greatest-hits-mix/	mixcloud	
Frankie 3000	Party Dance Vibes - November 2020	/FrankAndreasen/party-dance-vibes-november-2020/	mixcloud	
Frankie 3000	Party Mix	/FrankAndreasen/new-year-party-mix-2021-2021/	mixcloud	
Frankie 3000	Party Mix - Club & Dance Vibes (Part 1)	/FrankAndreasen/party-mix-club-dance-vibes-part-1/	mixcloud	
Frankie 3000	Party Mix - Club & Dance Vibes (Part 2)	/FrankAndreasen/party-mix-club-dance-vibes-part-2/	mixcloud	
Frankie 3000	Party Mix - The VIP Future Rave Megamix	/FrankAndreasen/the-vip-future-rave-megamix/	mixcloud	
Frankie 3000	Party Mix 1	/FrankAndreasen/party-mix-1/	mixcloud	
Frankie 3000	Party Of The 90's (The Euro Dance Generation mix)	/FrankAndreasen/party-of-the-90s-the-euro-dance-generation-mix/	mixcloud	
Frankie 3000	Pet Shop Boys - The Fan remix	/FrankAndreasen/pet-shop-boys-the-fan-remix/	mixcloud	
Frankie 3000	Purple Disco Machine - Megamix 2019	/FrankAndreasen/purple-disco-machine-megamix-2019/	mixcloud	
Frankie 3000	Rap & Hip Hop - The Old School Classics 1	/FrankAndreasen/rap-hip-hop-the-old-school-classics-1/	mixcloud	
Frankie 3000	Rap & Hip Hop - The Old School Classics 2	/FrankAndreasen/rap-hip-hop-the-old-school-classics-2/	mixcloud	
Frankie 3000	Rap & Trap 1 (the best of)	/FrankAndreasen/rap-trap-1-the-best-of/	mixcloud	
Frankie 3000	Rap & Trap 2 (the best of)	/FrankAndreasen/rap-trap-2-the-best-of/	mixcloud	
Frankie 3000	Rap & Trap 3 (the best of)	/FrankAndreasen/rap-trap-3-the-best-of/	mixcloud	
Frankie 3000	Rap & Trap 4 (the best of)	/FrankAndreasen/rap-trap-4-the-best-of/	mixcloud	
Frankie 3000	Rap & Trap 5 (the best of)	/FrankAndreasen/rap-trap-5-the-best-of/	mixcloud	
Frankie 3000	Red Hot Chili Peppers - The Fan Mix	/FrankAndreasen/red-hot-chili-peppers-the-fan-mix/	mixcloud	
Frankie 3000	Rihanna Megamix 2016 (The Dance mixes)	/FrankAndreasen/rihanna-megamix-2016-the-dance-mixes/	mixcloud	
Frankie 3000	Rock The Block - The best rock songs from 70s & 80s	/FrankAndreasen/rock-the-block-the-best-rock-songs-from-70s-80s/	mixcloud	
Frankie 3000	Rudimental - The Dance Megamix 2018	/FrankAndreasen/rudimental-the-dance-megamix-2018/	mixcloud	
Frankie 3000	Shapeshifters - The Favorite Remix 2020	/FrankAndreasen/shapeshifters-the-favorite-remix-2020/	mixcloud	
Frankie 3000	Sigala - Best of The Best	/FrankAndreasen/sigala-best-of-the-best/	mixcloud	
Frankie 3000	Sigala - Hits & Mixes	/FrankAndreasen/sigala-best-hits-mixes/	mixcloud	
Frankie 3000	Sigala - Megamix 2018	/FrankAndreasen/the-best-of-sigala/	mixcloud	
Frankie 3000	Sigala - Megamix 2019	/FrankAndreasen/sigala-megamix-2019/	mixcloud	
Frankie 3000	Sigala - The Favorite Remix 2020	/FrankAndreasen/sigala-the-favorite-remix-2020/	mixcloud	
Frankie 3000	Sigala - The Remixes 2019	/FrankAndreasen/sigala-the-remixes-2019/	mixcloud	
Frankie 3000	Sigala - The summer remix	/FrankAndreasen/sigala-the-summer-remix/	mixcloud	
Frankie 3000	Simple Minds - The Greatest Hits mix	/FrankAndreasen/simple-minds-the-greatest-hits-mix/	mixcloud	
Frankie 3000	Slow Mo' - The best of slow music	/FrankAndreasen/slow-mo-the-best-of-slow/	mixcloud	
Frankie 3000	Solardo Vs. Eli Brown - The Remix	/FrankAndreasen/solardo-vs-eli-brown-the-remix/	mixcloud	
Frankie 3000	Something For The Weekend - The Tech House Edition 2020	/FrankAndreasen/something-for-the-weekend-the-tech-house-edition-2020/	mixcloud	
Frankie 3000	Sonny Fodera - Megamix 2019	/FrankAndreasen/sonny-fodera-megamix-2019/	mixcloud	
Frankie 3000	Summer Club mix 2019	/FrankAndreasen/summer-club-mix-2019/	mixcloud	
Frankie 3000	Summer Hits 2016	/FrankAndreasen/summer-hits-2016/	mixcloud	
Frankie 3000	Summer Hits 2023 - The Dance & Club Vibes	/FrankAndreasen/summer-hits-2023-the-dance-club-vibes/	mixcloud	
Frankie 3000	Summer Party	/FrankAndreasen/summer-party/	mixcloud	
Frankie 3000	Summer Party - Club Sounds Of Summer 2020	/FrankAndreasen/summer-party-club-sounds-of-summer-2020/	mixcloud	
Frankie 3000	Summer Party - The best of Dance Vibes (July 2021)	/FrankAndreasen/summer-party-the-best-of-dance-vibes-july-2021/	mixcloud	
Frankie 3000	Summer Party Mix - The Dance Vibes 2022 session	/FrankAndreasen/summer-party-mix-the-dance-vibes-2022-session/	mixcloud	
Frankie 3000	Summer Vibes - The Best Dance & Club Vibes 2023....So Far	/FrankAndreasen/summer-vibes-the-best-dance-club-vibes-2023so-far/	mixcloud	
Frankie 3000	Summer Vibes 2018	/FrankAndreasen/summer-vibes-2018/	mixcloud	
Frankie 3000	Summer Vibes 2019	/FrankAndreasen/summer-vibes-2019/	mixcloud	
Frankie 3000	Summer Vibes 2019 (part II)	/FrankAndreasen/summer-vibes-2019-part-ii/	mixcloud	
Frankie 3000	Summer Vibes 2019 (Part III)	/FrankAndreasen/summer-vibes-2019-part-iii/	mixcloud	
Frankie 3000	Summer Vibes 2020	/FrankAndreasen/summer-vibes-2020/	mixcloud	
Frankie 3000	The Best Of 2017....so far	/FrankAndreasen/the-best-of-2017so-far/	mixcloud	
Frankie 3000	The Best Of 2017....so far 2	/FrankAndreasen/the-best-of-2017so-far-2/	mixcloud	
Frankie 3000	The Best Of 2018	/FrankAndreasen/the-best-of-2018/	mixcloud	
Frankie 3000	The Best Of 2019 - The Dance remix	/FrankAndreasen/the-best-of-2019-the-dance-remix/	mixcloud	
Frankie 3000	The Best Of 2019....so far	/FrankAndreasen/the-best-of-2019so-far/	mixcloud	
Frankie 3000	The Big Club Party mix	/FrankAndreasen/the-big-club-party-mix/	mixcloud	
Frankie 3000	The Chainsmokers - Megamix 2019	/FrankAndreasen/the-chainsmokers-megamix-2019/	mixcloud	
Frankie 3000	The Chainsmokers - The Remixes 2019	/FrankAndreasen/the-chainsmokers-the-remixes-2019/	mixcloud	
Frankie 3000	The Chemical Brothers - Back To The Past Redrum mix	/FrankAndreasen/the-chemical-brothers-2022-club-mix/	mixcloud	
Frankie 3000	The Hit Mix 1	/FrankAndreasen/the-hit-mix-1/	mixcloud	
Frankie 3000	The Prodigy - Back To The Past Redrum mix	/FrankAndreasen/the-prodigy-2022-club-mix/	mixcloud	
Frankie 3000	The Summer Vibes 2022	/FrankAndreasen/the-summer-vibes-2022/	mixcloud	
Frankie 3000	The Ultimate Party mix	/FrankAndreasen/ultimate-party-show/	mixcloud	
Frankie 3000	The Weeknd - The Fan mix	/FrankAndreasen/the-weeknd-the-fan-mix/	mixcloud	
Frankie 3000	Tiesto - Hits & Mixes	/FrankAndreasen/tiesto-hits-mixes/	mixcloud	
Frankie 3000	Tiesto - The Favorite remix 2020	/FrankAndreasen/tiesto-the-favorite-remix/	mixcloud	
Frankie 3000	Top Chart Hits 2019 (May edition)	/FrankAndreasen/top-chart-hits-2019-may-edition/	mixcloud	
Frankie 3000	Vacation Club mix	/FrankAndreasen/vacation-club-mix/	mixcloud	
Frankie 3000	Vacation Rock mix	/FrankAndreasen/vacation-rock-mix/	mixcloud	
Frankie 3000	Weekend Vibes 1 - The House Music session	/FrankAndreasen/weekend-vibes-1-the-house-music-session/	mixcloud	
Frankie 3000	Yazoo - The Greatest Hits mix	/FrankAndreasen/yazoo-the-greatest-hits-mix/	mixcloud	
Frankie 3000	Years & Years - Megamix 2018	/FrankAndreasen/years-years-megamix-2018/	mixcloud	
Frankie 3000	Zedd Megamix - 2018	/FrankAndreasen/zedd-megamix-2018/	mixcloud	
Frankie 3000	frankie3000LDjJEM2 1069 latin julio mix 72023	/DjJEM2/djjem-1069-latin-julio-mix-72023/	mixcloud	
Lys_	LysA little mix after the holiday, for you, I hope you like it. Thanks for your support!	/Lys_/lys_-augustsummermix2019/	mixcloud	
Lys_	LysApril1Mix2019	/Lys_/lys_-april1mix2019/	mixcloud	
Lys_	LysApril2Mix2019	/Lys_/lys_-april2mix2019/	mixcloud	
Lys_	LysApril3Mix2019	/Lys_/lys_-april3mix2019/	mixcloud	
Lys_	LysAvril Spring Mix2019	/Lys_/lys_-avril-spring-mix2019/	mixcloud	
Lys_	LysAvrilPartyMix2019	/Lys_/lys_-avrilpartymix2019/	mixcloud	
Lys_	LysBienvenue  mon mix d'hiver 2019	/Lys_/bienvenue-%C3%A0-mon-mix-dhiver-2019/	mixcloud	
Lys_	LysDecember1Mix2019.mp3	/Lys_/lys_-december1mix2019mp3/	mixcloud	
Lys_	LysDecemberMix2019	/Lys_/lys_-decembermix2019/	mixcloud	
Lys_	LysFebruary Mix2019	/Lys_/lys_-february-mix2019/	mixcloud	
Lys_	LysFebruary1Mix2019	/Lys_/lys_-february1mix2019/	mixcloud	
Lys_	LysFebruary2Mix2019	/Lys_/lys_-february2mix2019/	mixcloud	
Lys_	LysFebruary3Mix2019	/Lys_/lys_-february3mix2019/	mixcloud	
Lys_	LysJanuary1Mix2019	/Lys_/smilla_-january1mix2019/	mixcloud	
Lys_	LysJanuary2Mix2019	/Lys_/smilla_-january2mix2019/	mixcloud	
Lys_	LysJanuary3Mix2019	/Lys_/lys_-january3mix2018/	mixcloud	
Lys_	LysJanuary4Mix2019	/Lys_/lys_-january4mix2019/	mixcloud	
Lys_	LysJanuary5Mix2019	/Lys_/lys_-january5mix2019/	mixcloud	
Lys_	LysJuly1Mix2019	/Lys_/lys_-july1mix2019/	mixcloud	
Lys_	LysJuly3Mix2019	/Lys_/lys_-july3mix2019/	mixcloud	
Lys_	LysJulyMix2019	/Lys_/lys_-julymix2019/	mixcloud	
Lys_	LysJune1Mix2019	/Lys_/lys_-june1mix2019/	mixcloud	
Lys_	LysJune3Mix2019	/Lys_/lys_-june3mix2019/	mixcloud	
Lys_	LysJuneSummerMix2019	/Lys_/lys_-junesummermix2019/	mixcloud	
Lys_	LysMarch1Mix2019	/Lys_/lys_-march1mix2019/	mixcloud	
Lys_	LysMarch2Mix2019.mp3	/Lys_/lys_-march2mix2019mp3/	mixcloud	
Lys_	LysMarch3Mix2019	/Lys_/lys_-march3mix2019/	mixcloud	
Lys_	LysMars SpringMix2019	/Lys_/lys_-mars-springmix2019/	mixcloud	
Lys_	LysMay1Mix2019	/Lys_/lys_-may1mix2019/	mixcloud	
Lys_	LysMay2Mix2019	/Lys_/lys_-may2mix2019/	mixcloud	
Lys_	LysMay3Mix2019	/Lys_/lys_-may3mix2019/	mixcloud	
Lys_	LysMayMix2019	/Lys_/lys_-maymix2019/	mixcloud	
Lys_	LysMaySpringMix2019	/Lys_/lys_-mayspringmix2019/	mixcloud	
Lys_	LysNovembre Mix2019	/Lys_/lys_-novembre-mix2019/	mixcloud	
Lys_	LysSemptember3Mix2019	/Lys_/lys_semptember3mix2019/	mixcloud	
Lys_	LysSeptember1Mix2019	/Lys_/lys_-september1mix2019/	mixcloud	
Lys_	LysSeptember2Mix2019	/Lys_/lys_-september2mix2019/	mixcloud	
RONS	Podcast #664	/therealrons/rons-podcast-664/	mixcloud	
RONS	Podcast #700	/therealrons/rons-podcast-700/	mixcloud	
RONS	Podcast #702	/therealrons/rons-podcast-702/	mixcloud	
RONS	Podcast #703	/therealrons/rons-podcast-703/	mixcloud	
RONS	Podcast #705	/therealrons/rons-podcast-705/	mixcloud	
RONS	Podcast #707	/therealrons/rons-podcast-707/	mixcloud	
RONS	Podcast #708	/therealrons/rons-podcast-708/	mixcloud	
RONS	Podcast #709	/therealrons/rons-podcast-709/	mixcloud	
RONS	Podcast #710	/therealrons/rons-podcast-710/	mixcloud	
RONS	Podcast #711	/therealrons/rons-podcast-711/	mixcloud	
RONS	Podcast #712	/therealrons/rons-podcast-712/	mixcloud	
RONS	Podcast #713	/therealrons/rons-podcast-713/	mixcloud	
RONS	Podcast #714	/therealrons/rons-podcast-714/	mixcloud	
RONS	Podcast #715	/therealrons/rons-podcast-715/	mixcloud	
RONS	Podcast #716	/therealrons/rons-podcast-716/	mixcloud	
RONS	Podcast #717	/therealrons/rons-podcast-717/	mixcloud	
RONS	Podcast #718	/therealrons/rons-podcast-718/	mixcloud	
RONS	Podcast #719	/therealrons/rons-podcast-719/	mixcloud	
RONS	Podcast #720	/therealrons/rons-podcast-720/	mixcloud	
RONS	Podcast #721	/therealrons/rons-podcast-721/	mixcloud	
RONS	Podcast #722	/therealrons/rons-podcast-722/	mixcloud	
RONS	Podcast #723	/therealrons/rons-podcast-723/	mixcloud	
RONS	Podcast #724	/therealrons/rons-podcast-724/	mixcloud	
RONS	Podcast #725	/therealrons/rons-podcast-725/	mixcloud	
RONS	Podcast #726	/therealrons/rons-podcast-726/	mixcloud	
RONS	Podcast #728	/therealrons/rons-podcast-728/	mixcloud	
RONS	Podcast #729	/therealrons/rons-podcast-729/	mixcloud	
RONS	Podcast #730	/therealrons/rons-podcast-730/	mixcloud	
RONS	Podcast #731	/therealrons/rons-podcast-731/	mixcloud	
RONS	Podcast #732	/therealrons/rons-podcast-732/	mixcloud	
RONS	Podcast #733	/therealrons/rons-podcast-733/	mixcloud	
RONS	Podcast #734	/therealrons/rons-podcast-734/	mixcloud	
RONS	Podcast #735	/therealrons/rons-podcast-735/	mixcloud	
RONS	Podcast #736	/therealrons/rons-podcast-736/	mixcloud	
RONS	Podcast #737	/therealrons/rons-podcast-737/	mixcloud	
RONS	Podcast #738	/therealrons/rons-podcast-738/	mixcloud	
RONS	Podcast #739	/therealrons/rons-podcast-739/	mixcloud	
RONS	Podcast #741	/therealrons/rons-podcast-741/	mixcloud	
RONS	Podcast #742	/therealrons/rons-podcast-742/	mixcloud	
RONS	Podcast #743	/therealrons/rons-podcast-743/	mixcloud	
RONS	Podcast #744	/therealrons/rons-podcast-744/	mixcloud	
